Symbol,Price,Type,Strike,"Exp Date",DTE,Bid,Midpoint,Ask,Last,Volume,"Open Int",Vol/OI,IV,Delta,Time
AAL,17.75,Put,17.5,2021-12-17,21,0.91,0.93,0.95,0.92,8636,191,45.21,61.76%,-0.432468,2021-11-26
PFE,54,Call,56,2021-12-03,7,0.58,0.61,0.64,0.59,15656,347,45.12,45.18%,0.288278,2021-11-26
ET,8.84,Call,9,2022-07-15,230,0.97,1,1.03,1.03,5656,128,44.19,44.90%,0.505825,2021-11-26
CCL,17.95,Put,16,2021-12-03,7,0.21,0.22,0.23,0.23,6046,146,41.41,94.31%,-0.172066,2021-11-26
KO,53.73,Call,54.5,2021-12-03,7,0.19,0.21,0.22,0.2,3953,112,35.29,16.76%,0.266682,2021-11-26
GM,60.17,Put,57.5,2021-12-03,7,0.51,0.53,0.55,0.53,4396,131,33.56,46.25%,-0.229338,2021-11-26
SABR,7.31,Put,5,2022-04-14,138,0.29,0.33,0.38,0.3,4405,132,33.37,73.42%,-0.142861,2021-11-26
CCL,17.95,Call,18,2021-12-03,7,0.72,0.74,0.76,0.78,5628,170,33.11,77.03%,0.510931,2021-11-26
DKNG,36.04,Call,35,2021-11-26,0,0.98,1.05,1.12,1.01,3659,111,32.96,54.83%,0.851342,2021-11-26
AAL,17.75,Call,17,2022-06-17,202,3.05,3.13,3.2,3.05,4693,150,31.29,51.79%,0.620252,2021-11-26
MRNA,329.63,Call,325,2021-11-26,0,4.25,4.93,5.6,5.75,3141,106,29.63,24.90%,0.864363,2021-11-26
AAL,17.75,Call,17.5,2021-12-17,21,1.17,1.19,1.21,1.12,4013,138,29.08,62.91%,0.567404,2021-11-26
MRK,79.16,Put,76,2021-12-03,7,0.7,0.74,0.78,0.73,3488,129,27.04,44.20%,-0.245995,2021-11-26
CSGP,77.59,Put,77,2021-12-17,21,2.05,2.18,2.3,1.9,3530,134,26.34,33.27%,-0.445893,2021-11-26
CCL,17.95,Put,17,2021-12-23,27,0.91,0.96,1,1,3979,170,23.41,75.32%,-0.356382,2021-11-26
AAL,17.75,Put,17,2021-12-03,7,0.4,0.41,0.41,0.4,5503,241,22.83,74.35%,-0.318826,2021-11-26
MRNA,329.63,Call,370,2021-12-03,7,6.75,6.9,7.05,7,2628,119,22.08,110.92%,0.249741,2021-11-26
AMZN,3504.56,Call,3530,2021-11-26,0,0.01,0.13,0.25,0.25,2811,128,21.96,8.04%,0.042021,2021-11-26
CCL,17.95,Put,17,2021-12-03,7,0.39,0.41,0.42,0.39,2222,106,20.96,80.25%,-0.29285,2021-11-26
AER,57.74,Call,62.5,2021-12-17,21,0.75,0.88,1,0.82,2119,102,20.77,43.75%,0.241335,2021-11-26
UBER,40.52,Call,40,2021-11-26,0,0.41,0.5,0.58,0.6,2849,138,20.64,27.96%,0.815023,2021-11-26
CCL,17.95,Call,19,2021-12-03,7,0.35,0.37,0.38,0.37,4203,205,20.5,77.05%,0.31584,2021-11-26
CTLT,132.31,Call,135,2021-12-17,21,3.7,4.45,5.2,5.8,7532,382,19.72,44.53%,0.446443,2021-11-26
GPS,17.33,Put,16,2022-06-17,202,1.99,2.1,2.21,2.12,4050,211,19.19,53.92%,-0.35256,2021-11-26
CCL,17.95,Put,18,2021-12-17,21,1.2,1.23,1.27,1.22,2376,124,19.16,69.57%,-0.473295,2021-11-26
SABR,7.31,Call,14,2022-04-14,138,0.1,0.33,0.57,0.11,4412,232,19.02,68.29%,0.0906,2021-11-26
M,30.48,Put,28,2021-12-03,7,0.28,0.3,0.31,0.32,4375,237,18.46,69.63%,-0.177445,2021-11-26
ZM,220.21,Call,220,2021-11-26,0,0.3,0.93,1.55,0.81,2009,109,18.43,15.34%,0.549341,2021-11-26
C,65.5,Put,65,2024-01-19,784,11.9,12.68,13.45,12.5,2000,110,18.18,30.53%,-0.421112,2021-11-26
PFE,54,Call,53,2021-12-17,21,2.29,2.37,2.45,2.28,4004,225,17.8,36.63%,0.595238,2021-11-26
AMZN,3504.56,Call,3535,2021-11-26,0,0.05,0.19,0.32,0.2,1803,103,17.5,8.94%,0.03154,2021-11-26
BLL,94.7,Put,82.5,2022-01-21,56,0.8,0.98,1.15,0.8,2819,165,17.08,32.38%,-0.126452,2021-11-26
ZM,220.21,Call,250,2021-12-03,7,1.45,1.53,1.6,1.65,2941,175,16.81,78.43%,0.132691,2021-11-26
GDDY,66.79,Put,62.5,2021-12-17,21,0.8,0.9,1,0.85,2402,154,15.6,39.04%,-0.224714,2021-11-26
C,65.5,Call,65,2021-11-26,0,0.46,0.54,0.61,0.56,3702,251,14.75,17.20%,0.8047,2021-11-26
DRNA,37.99,Call,40,2022-01-21,56,0.35,0.38,0.4,0.35,1602,112,14.3,17.48%,0.237078,2021-11-26
MRNA,329.63,Call,400,2021-12-03,7,3.5,3.58,3.65,3.58,7492,533,14.06,119.47%,0.138573,2021-11-26
AAL,17.75,Call,18,2021-12-03,7,0.54,0.56,0.58,0.57,8937,639,13.99,69.66%,0.461521,2021-11-26
RCL,67.98,Call,80,2022-03-18,111,4,4.08,4.15,4.05,7617,572,13.32,54.25%,0.346749,2021-11-26
AAL,17.75,Call,17.5,2021-11-26,0,0.21,0.27,0.33,0.25,8201,632,12.98,48.64%,0.717031,2021-11-26
BLL,94.7,Put,92.5,2022-01-21,56,3.1,3.3,3.5,3.14,2848,221,12.89,28.09%,-0.397375,2021-11-26
DKNG,36.04,Put,25,2022-04-14,138,1.22,1.33,1.43,1.36,5199,419,12.41,69.19%,-0.141634,2021-11-26
MRNA,329.63,Call,340,2021-12-03,7,14.2,14.6,15,14.45,2500,204,12.25,103.84%,0.442973,2021-11-26
AAL,17.75,Put,16.5,2021-12-03,7,0.27,0.28,0.29,0.27,2871,238,12.06,77.37%,-0.231069,2021-11-26
UAL,42.26,Call,43,2021-12-03,7,1.12,1.16,1.2,1.14,2518,222,11.34,62.88%,0.438148,2021-11-26
AMD,154.81,Put,142,2021-12-03,7,0.81,0.83,0.84,0.82,7978,709,11.25,57.18%,-0.129121,2021-11-26
AFRM,136.98,Call,135,2021-12-17,21,12.3,12.6,12.9,12.5,6643,592,11.22,88.39%,0.569423,2021-11-26
MA,324.17,Call,345,2021-12-03,7,0.92,1,1.08,0.97,1860,166,11.2,37.47%,0.11982,2021-11-26
ARQQ,34.85,Call,35,2022-01-21,56,3.2,3.4,3.6,3.1,2301,206,11.17,63.77%,0.543221,2021-11-26
MRNA,329.63,Call,510,2021-12-03,7,0.4,0.42,0.44,0.44,1218,110,11.07,145.33%,0.019344,2021-11-26
OCGN,6.45,Call,7,2021-12-03,7,0.23,0.24,0.25,0.22,2068,188,11,125.13%,0.349902,2021-11-26
SNAP,49.76,Put,56,2021-11-26,0,6.1,6.2,6.3,6.12,1106,101,10.95,130.94%,-0.955659,2021-11-26
MRNA,329.63,Call,330,2021-12-03,7,18.1,18.18,18.25,18.33,3289,301,10.93,100.83%,0.524674,2021-11-26
WYNN,85.69,Call,90,2021-12-03,7,1.05,1.1,1.14,1.07,1357,125,10.86,55.53%,0.274397,2021-11-26
TDOC,109.61,Call,130,2021-12-03,7,0.26,0.29,0.32,0.32,2481,231,10.74,78.29%,0.064355,2021-11-26
JNJ,159.2,Call,160,2021-12-03,7,1.5,1.59,1.68,1.71,1089,103,10.57,22.62%,0.437398,2021-11-26
ZM,220.21,Call,235,2021-12-03,7,3.1,3.3,3.5,3.27,3378,320,10.56,69.61%,0.265625,2021-11-26
AMAT,143.29,Put,130,2022-04-14,138,8.25,8.43,8.6,8.4,1859,177,10.5,41.78%,-0.308191,2021-11-26
AFRM,136.98,Call,136,2021-11-26,0,0.7,0.85,1,0.8,2288,219,10.45,9.27%,0.932256,2021-11-26
KIM,23.24,Put,22.5,2022-01-21,56,0.85,0.95,1.05,0.95,6606,634,10.42,35.00%,-0.389857,2021-11-26
PDD,68.46,Put,60,2021-12-03,7,0.87,0.97,1.06,0.95,1328,129,10.29,106.19%,-0.165842,2021-11-26
RCL,67.98,Call,100,2022-03-18,111,1.08,1.21,1.34,1.2,7306,717,10.19,55.01%,0.131362,2021-11-26
ABNB,173.86,Put,155,2021-12-03,7,0.55,0.56,0.57,0.55,2891,284,10.18,60.85%,-0.080004,2021-11-26
PXD,181.73,Call,140,2022-01-21,56,40.7,42.3,43.9,43.2,1095,108,10.14,53.14%,0.912427,2021-11-26
AMZN,3504.56,Call,3520,2021-11-26,0,0.1,0.93,1.76,0.3,1381,137,10.08,5.63%,0.066791,2021-11-26
GPS,17.33,Put,18,2021-11-26,0,0.61,0.66,0.7,0.7,1100,110,10,59.47%,-0.887644,2021-11-26
AAL,17.75,Call,18,2021-12-10,14,0.75,0.78,0.8,0.79,2282,230,9.92,65.16%,0.481821,2021-11-26
MRNA,329.63,Call,330,2021-11-26,0,0.6,0.96,1.31,1.27,8045,812,9.91,21.17%,0.461635,2021-11-26
BNTX,348,Call,400,2021-12-03,7,6,6.85,7.7,7,1133,116,9.77,120.32%,0.225886,2021-11-26
GME,199.72,Call,510,2021-12-03,7,0.23,0.23,0.23,0.23,1794,184,9.75,269.84%,0.010137,2021-11-26
KR,43.14,Put,41,2021-12-03,7,0.49,0.51,0.52,0.53,3593,371,9.68,55.99%,-0.24487,2021-11-26
AAPL,156.81,Call,160,2022-01-07,42,4.8,5.15,5.5,5.35,1888,196,9.63,32.00%,0.446146,2021-11-26
TSLA,1081.92,Put,1085,2021-11-26,0,1.18,2.34,3.5,1.6,13620,1429,9.53,6.58%,-0.796447,2021-11-26
BAC,45.76,Put,43.5,2021-12-17,21,0.68,0.69,0.7,0.68,1184,126,9.4,36.13%,-0.268395,2021-11-26
JNJ,159.2,Call,162.5,2021-12-03,7,0.73,0.76,0.79,0.75,5466,589,9.28,22.51%,0.255638,2021-11-26
AAL,17.75,Put,16,2021-12-03,7,0.19,0.2,0.2,0.19,3050,329,9.27,82.48%,-0.166999,2021-11-26
PFE,54,Put,48.5,2021-12-17,21,0.18,0.2,0.22,0.2,2473,268,9.23,34.41%,-0.092878,2021-11-26
CGNX,76.19,Call,75,2022-02-18,84,6,6.35,6.7,6.64,920,102,9.02,41.85%,0.569917,2021-11-26
BABA,133.35,Call,133,2021-11-26,0,0.35,0.45,0.55,0.4,3488,387,9.01,6.18%,0.794055,2021-11-26
OCGN,6.45,Call,6.5,2021-12-03,7,0.38,0.4,0.41,0.41,1006,112,8.98,121.61%,0.515329,2021-11-26
DOW,57.6,Call,40,2022-01-21,56,17.5,17.6,17.7,17.5,1240,139,8.92,59.65%,0.96216,2021-11-26
PXD,181.73,Call,145,2022-01-21,56,35.6,37.3,39,38.2,1980,223,8.88,47.65%,0.903444,2021-11-26
SU,24.77,Put,21,2021-12-17,21,0.2,0.23,0.25,0.2,7490,846,8.85,59.25%,-0.110465,2021-11-26
DD,76.96,Call,40,2022-01-21,56,35.2,36.7,38.2,36.9,1990,226,8.81,131.44%,0.935782,2021-11-26
BA,199.21,Call,210,2021-12-03,7,1.35,1.39,1.42,1.41,2054,234,8.78,44.99%,0.207433,2021-11-26
PFE,54,Put,49,2021-12-31,35,0.41,0.48,0.55,0.43,1832,210,8.72,31.16%,-0.151858,2021-11-26
MA,324.17,Call,340,2021-12-10,14,3.35,3.6,3.85,3.5,1532,176,8.7,36.16%,0.26104,2021-11-26
MRNA,329.63,Call,350,2021-12-03,7,11.2,11.5,11.8,11.3,9190,1061,8.66,105.82%,0.368485,2021-11-26
DWAC,43.1,Put,35,2021-12-03,7,1.95,1.98,2,1.95,1196,139,8.6,233.08%,-0.209988,2021-11-26
BBIG,3.28,Call,3,2021-12-03,7,0.38,0.4,0.41,0.38,950,112,8.48,121.91%,0.730105,2021-11-26
PFE,54,Call,58,2021-12-03,7,0.3,0.32,0.35,0.35,1991,236,8.44,52.75%,0.171277,2021-11-26
ROKU,235.16,Call,240,2021-12-03,7,6,6.18,6.35,6,1279,152,8.41,62.44%,0.423774,2021-11-26
AMD,154.81,Put,157.5,2021-12-17,21,9.25,9.3,9.35,8.55,2342,279,8.39,52.81%,-0.528852,2021-11-26
UBER,40.52,Call,42,2021-12-03,7,0.58,0.6,0.62,0.6,1671,203,8.23,52.53%,0.323981,2021-11-26
UAL,42.26,Put,35,2021-12-17,21,0.54,0.55,0.56,0.56,16485,2013,8.19,76.67%,-0.131939,2021-11-26
BA,199.21,Call,190,2021-12-17,21,14.25,14.43,14.6,13.65,2138,262,8.16,48.80%,0.678442,2021-11-26
CRSP,78.79,Put,125,2023-01-20,420,55.1,57.05,59,55.99,1000,123,8.13,64.44%,-0.625819,2021-11-26
ACB,6.79,Call,7,2021-12-03,7,0.19,0.2,0.21,0.2,1797,221,8.13,76.98%,0.408144,2021-11-26
NWL,22.46,Call,13,2022-01-21,56,8.8,9.25,9.7,9.4,1605,199,8.07,107.01%,0.934007,2021-11-26
PXD,181.73,Call,135,2022-01-21,56,45.6,47.25,48.9,47,2038,253,8.06,43.35%,0.968884,2021-11-26
EQH,32.45,Put,30,2021-12-17,21,0.2,0.6,1,0.37,1300,163,7.98,40.67%,-0.199734,2021-11-26
EAT,36.13,Put,30,2022-04-14,138,2,2.25,2.5,2.5,1260,160,7.88,61.93%,-0.248495,2021-11-26
QCOM,175.74,Put,140,2022-02-18,84,2.25,2.51,2.78,2.46,1316,167,7.88,44.16%,-0.121681,2021-11-26
PXD,181.73,Call,120,2022-01-21,56,60.1,62.2,64.3,62.4,3525,448,7.87,65.64%,0.959945,2021-11-26
GLPI,45.55,Put,45,2022-01-21,56,1.7,1.95,2.2,1.85,2389,304,7.86,27.48%,-0.460484,2021-11-26
M,30.48,Call,30.5,2021-12-03,7,1.09,1.12,1.15,1.12,992,127,7.81,67.39%,0.51446,2021-11-26
DOW,57.6,Call,30,2022-01-21,56,27.45,27.63,27.8,27.5,1520,196,7.76,104.72%,0.966148,2021-11-26
APA,26.24,Call,26,2021-11-26,0,0.2,0.3,0.4,0.48,848,110,7.71,27.88%,0.739078,2021-11-26
CCL,17.95,Put,15,2021-12-17,21,0.3,0.32,0.33,0.31,2522,328,7.69,81.46%,-0.15461,2021-11-26
HUN,32.57,Put,29,2022-01-21,56,0.55,0.6,0.65,0.61,1411,184,7.67,38.57%,-0.204634,2021-11-26
AER,57.74,Call,57.5,2021-12-17,21,2.65,2.88,3.1,2.58,1854,242,7.66,49.94%,0.537865,2021-11-26
BA,199.21,Call,200,2021-12-03,7,4.55,4.65,4.75,4.69,3404,447,7.62,46.02%,0.48803,2021-11-26
SNAP,49.76,Call,49,2021-11-26,0,0.68,0.86,1.03,0.77,1372,183,7.5,18.10%,0.949659,2021-11-26
GOOGL,2843.66,Put,2860,2021-11-26,0,9.9,13.75,17.6,13.05,854,114,7.49,10.75%,-0.846752,2021-11-26
OXY,29.7,Call,31,2021-12-23,27,1.35,1.41,1.46,1.45,876,117,7.49,61.87%,0.432221,2021-11-26
EBAY,72.47,Call,76,2021-12-03,7,0.31,0.35,0.38,0.34,4395,599,7.34,36.23%,0.177143,2021-11-26
BNTX,348,Call,360,2021-11-26,0,0.05,0.08,0.1,0.1,1163,159,7.31,36.57%,0.037988,2021-11-26
AAL,17.75,Call,17,2021-11-26,0,0.71,0.74,0.77,0.67,2113,289,7.31,59.58%,0.920742,2021-11-26
AAL,17.75,Call,18.5,2021-12-31,35,0.94,0.97,1,0.91,810,111,7.3,58.60%,0.445656,2021-11-26
CLF,21.84,Put,19.5,2021-12-03,7,0.11,0.12,0.13,0.15,934,128,7.3,70.10%,-0.111955,2021-11-26
CODX,9.56,Call,10,2021-12-03,7,0.35,0.38,0.4,0.4,971,133,7.3,110.10%,0.413393,2021-11-26
AAL,17.75,Call,17,2021-12-03,7,1.12,1.15,1.18,1.16,2314,318,7.28,75.46%,0.679251,2021-11-26
PFE,54,Call,54,2021-11-26,0,0.02,0.07,0.12,0.1,16611,2306,7.2,9.10%,0.495635,2021-11-26
FTAI,23.36,Put,22,2021-12-17,21,0.65,0.75,0.85,0.9,901,127,7.09,59.79%,-0.318509,2021-11-26
MRNA,329.63,Put,300,2021-12-03,7,5.5,5.75,6,5.9,1507,214,7.04,96.15%,-0.219427,2021-11-26
CVS,91.52,Put,80,2022-03-18,111,1.67,1.71,1.75,1.73,1438,205,7.01,29.72%,-0.192455,2021-11-26
AMC,37.63,Call,37,2021-11-26,0,0.56,0.68,0.79,0.59,6346,914,6.94,51.48%,0.740463,2021-11-26
PFE,54,Put,52,2021-12-03,7,0.4,0.41,0.42,0.38,1306,189,6.91,38.70%,-0.235473,2021-11-26
AAL,17.75,Call,19,2021-12-03,7,0.21,0.22,0.23,0.22,13799,2013,6.85,65.72%,0.241281,2021-11-26
SOFI,18.21,Call,19,2021-12-03,7,0.34,0.35,0.35,0.34,1485,218,6.81,64.36%,0.332932,2021-11-26
HOOD,27.92,Call,27,2021-11-26,0,0.71,0.89,1.07,0.7,1513,223,6.78,83.42%,0.786652,2021-11-26
PFE,54,Put,55,2021-11-26,0,0.74,1.01,1.27,1.11,829,125,6.63,38.56%,-0.81851,2021-11-26
FCX,37.24,Call,36,2021-12-03,7,1.81,1.9,1.99,1.94,779,118,6.6,60.54%,0.671658,2021-11-26
OXY,29.7,Put,28,2021-12-03,7,0.38,0.41,0.43,0.42,1570,238,6.6,66.56%,-0.246479,2021-11-26
GIII,30.71,Call,30,2021-12-17,21,2.35,2.78,3.2,2.24,1053,160,6.58,82.86%,0.586018,2021-11-26
LCID,51.72,Put,51,2021-12-03,7,2.76,2.8,2.84,2.8,1269,193,6.58,111.03%,-0.433233,2021-11-26
C,65.5,Put,64,2021-12-03,7,0.57,0.6,0.63,0.6,1960,305,6.43,33.32%,-0.303765,2021-11-26
ECL,226.23,Call,230,2021-12-17,21,3.2,3.6,4,4,1097,171,6.42,26.23%,0.406132,2021-11-26
MRNA,329.63,Put,340,2021-11-26,0,8.65,9.83,11,9.61,2016,314,6.42,53.76%,-0.863237,2021-11-26
KR,43.14,Call,44,2021-12-03,7,0.98,1.03,1.08,1,4804,749,6.41,57.92%,0.416772,2021-11-26
TSLA,1081.92,Call,1125,2023-01-20,420,279.3,284.03,288.75,290,5572,874,6.38,65.73%,0.618309,2021-11-26
DWAC,43.1,Put,30,2021-12-03,7,1,1.05,1.1,1.15,2399,377,6.36,259.59%,-0.117458,2021-11-26
PXD,181.73,Call,150,2021-12-17,21,31.2,32.4,33.6,32.2,5330,854,6.24,51.82%,0.946264,2021-11-26
TSLA,1081.92,Call,1085,2021-11-26,0,0.11,0.27,0.43,0.3,5760,923,6.24,5.78%,0.172448,2021-11-26
MRNA,329.63,Call,320,2021-12-03,7,22.3,23.78,25.25,23.59,1964,315,6.23,102.48%,0.610271,2021-11-26
TSLA,1081.92,Call,1150,2023-01-20,420,270.85,275.43,280,276.78,8563,1375,6.23,65.99%,0.607033,2021-11-26
PFE,54,Call,58,2021-12-17,21,0.7,0.74,0.78,0.66,993,160,6.21,41.24%,0.245274,2021-11-26
DAL,36.38,Call,38,2021-12-03,7,0.53,0.57,0.61,0.52,1108,179,6.19,58.99%,0.311224,2021-11-26
PFE,54,Call,61,2021-12-03,7,0.14,0.15,0.16,0.16,690,112,6.16,61.06%,0.079915,2021-11-26
KO,53.73,Put,53.5,2021-12-17,21,1.02,1.05,1.07,1.04,721,117,6.16,21.63%,-0.468739,2021-11-26
DAL,36.38,Call,39,2022-03-18,111,2.69,2.79,2.89,2.78,10320,1677,6.15,47.80%,0.447728,2021-11-26
ALPP,2.7,Call,5,2022-01-21,56,0.2,0.23,0.25,0.23,1192,195,6.11,170.92%,0.279134,2021-11-26
SE,296.82,Call,310,2021-12-03,7,3.3,3.4,3.5,3.4,1065,175,6.09,50.09%,0.277101,2021-11-26
INO,7.25,Put,6,2022-01-21,56,0.39,0.43,0.47,0.39,3540,581,6.09,85.40%,-0.231591,2021-11-26
CSCO,54.67,Put,53.5,2021-12-17,21,0.75,0.8,0.86,0.86,845,139,6.08,25.82%,-0.360107,2021-11-26
AMC,37.63,Call,39,2021-12-03,7,1.35,1.4,1.44,1.41,2366,389,6.08,95.57%,0.419201,2021-11-26
DAL,36.38,Put,35,2021-12-03,7,0.63,0.66,0.68,0.66,1194,198,6.03,62.35%,-0.311625,2021-11-26
DAL,36.38,Put,20,2023-01-20,420,0.84,0.92,1,1,4045,673,6.01,51.16%,-0.08546,2021-11-26
JWN,22.41,Put,20,2021-12-17,21,0.41,0.44,0.48,0.4,628,105,5.98,64.85%,-0.209098,2021-11-26
TSLA,1081.92,Put,1090,2021-11-26,0,5.6,7.27,8.95,6.24,19827,3339,5.94,15.71%,-0.817895,2021-11-26
BA,199.21,Put,195,2021-12-03,7,3.3,3.4,3.5,3.35,4140,698,5.93,47.64%,-0.360545,2021-11-26
XOM,61.25,Call,67.5,2022-07-15,230,3.25,3.35,3.45,3.32,628,106,5.92,32.71%,0.356135,2021-11-26
INTC,48.78,Call,49,2021-12-17,21,1.21,1.23,1.25,1.27,734,124,5.92,29.27%,0.480882,2021-11-26
BABA,133.35,Call,140,2021-12-03,7,1.2,1.24,1.28,1.27,2699,456,5.92,48.71%,0.245877,2021-11-26
MGM,41.85,Call,43,2022-01-21,56,2.43,2.51,2.58,2.49,765,132,5.8,45.73%,0.475749,2021-11-26
XRX,19.26,Put,20,2022-12-16,385,3.5,3.8,4.1,3.7,2618,451,5.8,35.96%,-0.493582,2021-11-26
XP,29.56,Call,33,2021-12-17,21,0.6,0.63,0.65,0.47,1001,173,5.79,62.27%,0.253935,2021-11-26
PG,147.47,Put,150,2022-02-18,84,6.4,6.6,6.8,5.85,590,102,5.78,16.89%,-0.5883,2021-11-26
BIDU,153.06,Call,157.5,2021-12-17,21,4.2,4.95,5.7,4.2,637,111,5.74,41.51%,0.406325,2021-11-26
PLUG,40.25,Call,52,2021-12-17,21,0.55,0.59,0.63,0.58,1490,261,5.71,90.57%,0.142242,2021-11-26
SNAP,49.76,Put,51,2021-12-10,14,2.8,2.93,3.05,2.73,1097,195,5.63,57.24%,-0.564875,2021-11-26
NVDA,315.03,Call,375,2021-12-03,7,0.19,0.2,0.21,0.19,4279,762,5.62,60.17%,0.020219,2021-11-26
PTON,46.41,Put,44,2021-12-17,21,2.4,2.45,2.5,2.5,1174,210,5.59,82.86%,-0.356467,2021-11-26
HOOD,27.92,Call,29,2021-12-03,7,0.82,0.88,0.94,0.91,564,101,5.58,88.04%,0.401203,2021-11-26
MAC,19.68,Put,19,2021-12-17,21,0.65,0.73,0.8,0.75,1247,224,5.57,56.42%,-0.375476,2021-11-26
PFE,54,Call,54.5,2021-12-10,14,1.27,1.39,1.51,1.42,811,147,5.52,39.72%,0.463142,2021-11-26
AMD,154.81,Put,150,2021-12-03,7,2.49,2.53,2.56,2.44,8131,1475,5.51,53.82%,-0.322408,2021-11-26
DKNG,36.04,Call,42,2021-12-10,14,0.42,0.43,0.44,0.42,3302,605,5.46,73.93%,0.162426,2021-11-26
GOOGL,2843.66,Put,2895,2021-11-26,0,45.7,49,52.3,47.48,747,137,5.45,22.75%,-0.934169,2021-11-26
GME,199.72,Call,180,2021-12-03,7,20.15,22.6,25.05,24.5,546,101,5.41,116.38%,0.766028,2021-11-26
ADP,229.62,Call,195,2023-01-20,420,43.8,45.55,47.3,45.96,1298,240,5.41,30.25%,0.732953,2021-11-26
PXD,181.73,Call,140,2021-12-17,21,40,42.2,44.4,42.8,6150,1146,5.37,78.75%,0.929887,2021-11-26
BX,143.81,Put,145,2021-12-03,7,3.45,3.73,4,3.55,814,152,5.36,36.01%,-0.559769,2021-11-26
LCID,51.72,Put,50,2021-12-03,7,2.3,2.33,2.35,2.33,5008,937,5.34,110.98%,-0.383225,2021-11-26
AZUL,13.17,Put,10,2021-12-17,21,0.2,0.23,0.25,0.2,1507,283,5.33,105.02%,-0.11136,2021-11-26
AMZN,3504.56,Put,3500,2021-11-26,0,0.21,0.85,1.49,0.42,11767,2207,5.33,2.60%,-0.167045,2021-11-26
BA,199.21,Call,210,2021-12-10,14,3,3.1,3.2,2.94,638,121,5.27,45.39%,0.29162,2021-11-26
BRK.B,283.09,Put,282.5,2021-12-17,21,4.2,5.28,6.35,4.72,1022,195,5.24,18.54%,-0.472086,2021-11-26
SOFI,18.21,Call,20,2021-12-10,14,0.42,0.44,0.45,0.44,1354,259,5.23,74.71%,0.285179,2021-11-26
COST,546.13,Put,550,2021-11-26,0,1.5,3.1,4.7,2.72,651,126,5.17,19.80%,-0.752524,2021-11-26
RLX,5.51,Call,7.5,2022-07-15,230,2.1,2.25,2.4,2.3,635,123,5.16,168.04%,0.668654,2021-11-26
EPD,21.99,Put,19,2022-06-17,202,0.72,0.78,0.85,0.81,766,149,5.14,27.72%,-0.26083,2021-11-26
EXPE,159.8,Put,155,2021-12-17,21,5.35,5.53,5.7,5.5,1656,323,5.13,50.93%,-0.37786,2021-11-26
TPVG,18.59,Call,15,2021-12-17,21,3.4,3.6,3.8,3.6,1561,305,5.12,53.72%,0.97142,2021-11-26
BB,9.97,Call,10,2021-12-03,7,0.36,0.38,0.4,0.37,987,193,5.11,69.78%,0.50693,2021-11-26
JPM,161.93,Call,162.5,2021-12-17,21,4.1,4.23,4.35,4.25,1161,229,5.07,29.78%,0.488229,2021-11-26
RIOT,34.92,Call,29,2021-12-03,7,6.1,6.43,6.75,6.49,783,155,5.05,141.34%,0.852471,2021-11-26
LCID,51.72,Call,25,2021-12-10,14,25.95,26.78,27.6,25.85,649,129,5.03,167.36%,0.991381,2021-11-26
PFE,54,Call,57,2021-12-03,7,0.44,0.46,0.49,0.45,2976,592,5.03,49.06%,0.220702,2021-11-26
MS,97.93,Put,90,2024-01-19,784,14.3,15.2,16.1,16.3,610,122,5,32.28%,-0.353132,2021-11-26
ABNB,173.86,Call,172.5,2021-12-17,21,9.4,9.63,9.85,9.64,685,137,5,53.99%,0.550037,2021-11-26
AER,57.74,Put,50,2022-01-21,56,1.35,1.53,1.7,1.48,1000,200,5,51.09%,-0.206015,2021-11-26
PXD,181.73,Call,160,2021-12-17,21,21.5,22.8,24.1,23.1,3690,740,4.99,49.31%,0.871499,2021-11-26
HTZ,23.87,Call,40,2022-03-18,111,1.35,1.5,1.65,1.5,1256,252,4.98,98.47%,0.248559,2021-11-26
KO,53.73,Put,51,2021-12-03,7,0.14,0.15,0.16,0.15,502,101,4.97,32.67%,-0.122376,2021-11-26
AMZN,3504.56,Put,3520,2021-11-26,0,6.35,11.85,17.35,7.1,4420,890,4.97,9.79%,-0.805498,2021-11-26
DAL,36.38,Call,39,2021-12-03,7,0.32,0.33,0.35,0.31,1269,256,4.96,58.81%,0.208099,2021-11-26
CHWY,69.39,Call,69,2021-11-26,0,0.29,0.44,0.59,0.45,1151,233,4.94,13.68%,0.787202,2021-11-26
CRSP,78.79,Put,80,2023-01-20,420,20.8,22.9,25,23.04,1000,203,4.93,67.85%,-0.364764,2021-11-26
AMZN,3504.56,Call,3550,2021-12-03,7,44,45.75,47.5,44,1486,302,4.92,32.93%,0.397648,2021-11-26
MRK,79.16,Call,84,2021-12-17,21,0.74,0.78,0.82,0.74,531,109,4.87,31.66%,0.222052,2021-11-26
PFE,54,Call,54.5,2021-12-17,21,1.65,1.69,1.72,1.69,1241,255,4.87,37.93%,0.471105,2021-11-26
WYNN,85.69,Call,82.5,2022-03-18,111,11.3,11.5,11.7,9.92,1364,280,4.87,53.25%,0.608978,2021-11-26
TGT,246.57,Put,237.5,2021-12-10,14,1.92,2.11,2.29,2.37,501,103,4.86,28.82%,-0.247173,2021-11-26
CARS,16.12,Call,20,2022-01-21,56,0.35,0.38,0.4,0.34,662,137,4.83,58.11%,0.202446,2021-11-26
MRK,79.16,Call,80,2021-12-03,7,1.3,1.38,1.46,1.45,1476,306,4.82,42.26%,0.43647,2021-11-26
COF,149.16,Put,129.4,2022-03-18,111,4,4.18,4.35,5,620,129,4.81,36.88%,-0.217088,2021-11-26
AAL,17.75,Call,18.5,2021-12-03,7,0.35,0.36,0.37,0.36,2696,560,4.81,66.86%,0.344352,2021-11-26
GME,199.72,Put,150,2021-12-03,7,0.32,0.39,0.46,0.47,984,205,4.8,114.73%,-0.02996,2021-11-26
COIN,303.19,Call,345,2021-12-03,7,1.1,1.15,1.2,1.15,1269,265,4.79,67.45%,0.090755,2021-11-26
SRG,14.89,Call,12,2022-01-21,56,3.1,3.3,3.5,2.84,987,208,4.75,67.32%,0.829223,2021-11-26
AAL,17.75,Put,18,2021-12-03,7,0.8,0.82,0.84,0.81,7703,1633,4.72,68.67%,-0.539602,2021-11-26
FIS,108.01,Call,115,2022-02-18,84,4.5,4.85,5.2,4.6,655,139,4.71,36.17%,0.385275,2021-11-26
LCID,51.72,Call,51,2021-12-03,7,3.45,3.58,3.7,3.5,2940,625,4.7,110.30%,0.566813,2021-11-26
XPEV,51.11,Call,60,2021-12-03,7,0.35,0.36,0.37,0.37,1227,263,4.67,93.42%,0.120025,2021-11-26
BBBY,20.9,Call,22,2021-12-03,7,0.71,0.75,0.78,0.75,822,177,4.64,103.23%,0.386943,2021-11-26
UPLD,20.21,Put,15,2022-09-16,293,1,1.3,1.6,1.5,502,109,4.61,56.82%,-0.200004,2021-11-26
MRNA,329.63,Put,340,2021-12-03,7,22.6,24.38,26.15,23.93,635,140,4.54,98.92%,-0.5626,2021-11-26
JMIA,13.64,Call,13,2021-12-17,21,1.53,1.58,1.62,1.55,1036,228,4.54,94.58%,0.627598,2021-11-26
GS,389.39,Put,350,2022-01-21,56,6.45,6.73,7,6.98,6551,1443,4.54,36.02%,-0.20935,2021-11-26
TWTR,47.07,Call,48,2021-12-10,14,1.25,1.28,1.31,1.28,1168,259,4.51,45.90%,0.431573,2021-11-26
INO,7.25,Call,8,2021-12-03,7,0.14,0.16,0.18,0.17,1760,391,4.5,106.71%,0.276851,2021-11-26
MRNA,329.63,Call,320,2021-11-26,0,9.25,9.93,10.6,10.25,4957,1103,4.49,52.38%,0.865026,2021-11-26
AMWL,6.68,Call,10,2022-03-18,111,0.25,0.3,0.35,0.3,3062,684,4.48,75.79%,0.224819,2021-11-26
ONON,43.11,Call,45,2022-04-14,138,7.1,7.25,7.4,6.9,685,154,4.45,76.18%,0.556881,2021-11-26
CVAC,44.18,Call,45,2022-01-21,56,5.3,5.5,5.7,6.2,937,211,4.44,85.03%,0.544564,2021-11-26
MRNA,329.63,Call,345,2021-12-03,7,11.9,12.45,13,12.55,1386,312,4.44,103.49%,0.402733,2021-11-26
AMBP,9.61,Call,10,2022-04-14,138,0.45,0.53,0.6,0.6,2785,630,4.42,32.43%,0.460701,2021-11-26
BA,199.21,Call,207.5,2021-12-03,7,1.87,1.92,1.96,1.94,909,206,4.41,44.84%,0.265836,2021-11-26
INTC,48.78,Call,48.5,2021-12-03,7,0.95,0.97,0.99,0.94,737,168,4.39,31.06%,0.557921,2021-11-26
CCL,17.95,Put,20,2022-07-15,230,4.35,4.43,4.5,4.45,5504,1257,4.38,55.97%,-0.508079,2021-11-26
DBX,24.34,Call,27,2021-12-03,7,0.14,0.16,0.18,0.15,2040,467,4.37,66.00%,0.13808,2021-11-26
AFRM,136.98,Call,135,2021-11-26,0,0.8,1.63,2.45,1.7,6956,1591,4.37,42.96%,0.746542,2021-11-26
MRNA,329.63,Call,360,2021-12-03,7,8.55,8.83,9.1,9,1438,330,4.36,109.06%,0.305721,2021-11-26
OXY,29.7,Call,28,2021-12-03,7,2.08,2.13,2.17,2.1,564,130,4.34,65.02%,0.757906,2021-11-26
BAC,45.76,Put,44,2021-12-31,35,1.1,1.13,1.16,1.11,655,151,4.34,33.10%,-0.337047,2021-11-26
ADBE,662.1,Put,670,2021-11-26,0,5.4,8.18,10.95,7.05,1363,315,4.33,45.05%,-0.689721,2021-11-26
TJX,69.36,Call,73,2021-12-03,7,0.12,0.16,0.19,0.14,627,145,4.32,29.24%,0.105817,2021-11-26
AMZN,3504.56,Put,3550,2021-11-26,0,34,41.53,49.05,42.55,7354,1701,4.32,24.41%,-0.843642,2021-11-26
BA,199.21,Call,205,2021-12-03,7,2.61,2.63,2.65,2.65,1071,249,4.3,44.99%,0.334129,2021-11-26
OXY,29.7,Call,29,2021-11-26,0,0.66,0.71,0.75,0.65,1920,447,4.3,25.05%,0.967054,2021-11-26
NWL,22.46,Call,15,2022-01-21,56,7.3,7.45,7.6,7.5,1170,273,4.29,63.69%,0.966195,2021-11-26
FCEL,8.94,Put,8,2021-12-03,7,0.15,0.16,0.17,0.17,621,146,4.25,108.66%,-0.207898,2021-11-26
BA,199.21,Put,190,2021-12-03,7,2.03,2.08,2.13,2.05,2413,569,4.24,50.85%,-0.239576,2021-11-26
SAVE,20.6,Call,20,2023-01-20,420,5.45,5.65,5.85,5.53,9571,2271,4.21,60.97%,0.646696,2021-11-26
CVAC,44.18,Call,45,2021-12-17,21,3.4,3.7,4,3.6,621,148,4.2,93.85%,0.512384,2021-11-26
NVAX,217.97,Call,320,2021-12-17,21,5.85,6.15,6.45,5.8,1535,366,4.19,144.67%,0.17543,2021-11-26
TCOM,27.85,Call,30,2022-03-18,111,2,2.08,2.15,2.13,2696,643,4.19,48.64%,0.443356,2021-11-26
BAC,45.76,Put,45,2022-05-20,174,3.55,3.6,3.65,3.6,706,169,4.18,30.54%,-0.437998,2021-11-26
TCOM,27.85,Put,24,2022-03-18,111,1.25,1.35,1.45,1.27,2676,641,4.17,49.03%,-0.246329,2021-11-26
KO,53.73,Call,54,2021-12-03,7,0.35,0.37,0.39,0.35,1466,354,4.14,16.26%,0.408211,2021-11-26
PTON,46.41,Call,46,2021-11-26,0,0.33,0.43,0.53,0.38,6170,1490,4.14,29.04%,0.724325,2021-11-26
AMZN,3504.56,Put,3530,2021-12-10,14,94.9,99.58,104.25,88.5,554,134,4.13,31.41%,-0.534432,2021-11-26
JPM,161.93,Call,160,2021-12-03,7,3.6,3.73,3.85,4.05,1384,336,4.12,30.23%,0.617607,2021-11-26
AMZN,3504.56,Put,3530,2021-11-26,0,17.35,22.95,28.55,11,3464,854,4.06,16.03%,-0.806285,2021-11-26
DD,76.96,Call,50,2022-01-21,56,26.9,27.13,27.35,26.9,2660,657,4.05,72.47%,0.952182,2021-11-26
ERIC,10.12,Put,8,2024-01-19,784,0.27,0.79,1.3,0.8,1152,285,4.04,30.88%,-0.232183,2021-11-26
AAL,17.75,Put,17.5,2021-12-03,7,0.57,0.59,0.6,0.57,5294,1312,4.04,70.68%,-0.423082,2021-11-26
PFE,54,Put,48,2021-12-31,35,0.28,0.34,0.4,0.32,729,181,4.03,32.44%,-0.115623,2021-11-26
PFE,54,Call,54,2021-12-10,14,1.58,1.66,1.73,1.62,3138,778,4.03,39.06%,0.510149,2021-11-26
DAL,36.38,Call,35,2021-12-17,21,2.55,2.62,2.69,2.6,1150,287,4.01,53.53%,0.642733,2021-11-26
ARQQ,34.85,Call,22.5,2021-12-17,21,11.3,12.35,13.4,12.7,1250,312,4.01,133.33%,0.936775,2021-11-26
MARA,49.2,Put,53,2021-11-26,0,3.45,3.7,3.95,3.8,1137,285,3.99,37.82%,-0.999984,2021-11-26
NVAX,217.97,Call,285,2021-12-03,7,2.3,2.53,2.75,2.6,761,191,3.98,153.37%,0.123791,2021-11-26
STX,98.62,Call,87.5,2024-01-19,784,24,25,26,26.1,800,201,3.98,39.90%,0.653387,2021-11-26
AA,47.95,Put,40,2021-12-17,21,0.5,0.53,0.55,0.54,2945,745,3.95,70.58%,-0.124366,2021-11-26
AMZN,3504.56,Put,3200,2021-12-03,7,3.4,4.05,4.7,3.96,1984,504,3.94,40.11%,-0.047969,2021-11-26
AMZN,3504.56,Put,3515,2021-11-26,0,3.85,8.4,12.95,5.68,1900,483,3.93,8.84%,-0.740531,2021-11-26
NVDA,315.03,Call,347.5,2021-12-03,7,1.15,1.44,1.74,1.35,1593,406,3.92,57.11%,0.114891,2021-11-26
CGNX,76.19,Call,85,2022-02-18,84,2.05,2.38,2.7,2.14,1002,256,3.91,35.48%,0.287518,2021-11-26
OCGN,6.45,Call,8,2021-12-03,7,0.09,0.1,0.1,0.11,1485,381,3.9,140.81%,0.156973,2021-11-26
NVDA,315.03,Call,360,2021-12-03,7,0.5,0.51,0.52,0.54,3262,836,3.9,57.27%,0.050232,2021-11-26
AMZN,3504.56,Put,3520,2021-12-03,7,65.1,69.45,73.8,66.7,760,197,3.86,30.25%,-0.533364,2021-11-26
WKHS,5.79,Call,6,2021-12-03,7,0.23,0.24,0.24,0.22,993,257,3.86,101.23%,0.427013,2021-11-26
AMZN,3504.56,Put,3510,2021-11-26,0,0.3,0.79,1.27,2.17,1764,457,3.86,0.00%,0,2021-11-26
AMC,37.63,Call,38,2021-12-03,7,1.76,1.79,1.82,1.8,3776,978,3.86,94.81%,0.496501,2021-11-26
AMZN,3504.56,Put,3535,2021-11-26,0,22.25,27.85,33.45,24,1912,496,3.85,17.69%,-0.825352,2021-11-26
SOFI,18.21,Put,17,2021-12-03,7,0.22,0.23,0.24,0.23,519,135,3.84,68.71%,-0.220538,2021-11-26
ABNB,173.86,Call,170,2021-11-26,0,3.45,3.8,4.15,3.75,563,147,3.83,41.71%,0.852468,2021-11-26
SDC,3.2,Call,4,2021-12-31,35,0.16,0.2,0.24,0.18,1859,485,3.83,108.19%,0.309147,2021-11-26
ABBV,116.51,Put,117,2021-12-03,7,1.62,1.73,1.84,1.72,1222,323,3.78,21.85%,-0.559255,2021-11-26
COIN,303.19,Put,300,2022-02-18,84,33.6,34.25,34.9,34.03,742,198,3.75,61.99%,-0.426557,2021-11-26
WFC,48.43,Call,48,2021-11-26,0,0.36,0.45,0.54,0.32,1633,435,3.75,14.54%,0.881811,2021-11-26
APT,6.41,Call,6,2021-12-17,21,0.66,0.78,0.9,0.76,1791,477,3.75,89.43%,0.661169,2021-11-26
GOLD,19.38,Call,10,2022-01-21,56,9.3,9.38,9.45,9.4,3000,800,3.75,86.02%,0.985754,2021-11-26
BABA,133.35,Put,90,2024-01-19,784,12.4,15.7,19,15.47,610,163,3.74,52.84%,-0.181551,2021-11-26
NVDA,315.03,Put,345,2021-12-03,7,29.9,30.88,31.85,30.55,958,256,3.74,43.69%,-0.929479,2021-11-26
GS,389.39,Call,422.5,2021-12-03,7,0.33,0.41,0.49,0.54,512,138,3.71,35.76%,0.051548,2021-11-26
AAL,17.75,Call,18.5,2021-12-10,14,0.55,0.57,0.58,0.53,1028,277,3.71,62.90%,0.39197,2021-11-26
PTON,46.41,Call,47,2021-12-03,7,1.78,1.82,1.85,1.82,1457,393,3.71,81.49%,0.477911,2021-11-26
AA,47.95,Put,43,2021-12-03,7,0.27,0.3,0.33,0.33,667,181,3.69,73.02%,-0.1299,2021-11-26
AMZN,3504.56,Put,3525,2021-12-03,7,67.65,71.95,76.25,70,720,195,3.69,30.51%,-0.54626,2021-11-26
UBER,40.52,Put,38,2021-12-03,7,0.38,0.4,0.41,0.39,882,239,3.69,58.70%,-0.203042,2021-11-26
AMZN,3504.56,Put,3525,2021-11-26,0,14,18,22,14,2398,649,3.69,10.88%,-0.847573,2021-11-26
UBER,40.52,Call,40,2021-12-03,7,1.44,1.48,1.53,1.49,650,177,3.67,54.50%,0.582812,2021-11-26
MRNA,329.63,Call,325,2021-12-03,7,18.55,20.55,22.55,21,1008,275,3.67,102.90%,0.567746,2021-11-26
AFRM,136.98,Call,137,2021-11-26,0,0.1,0.15,0.2,0.13,2038,556,3.67,4.92%,0.478064,2021-11-26
ZM,220.21,Call,260,2021-12-03,7,0.95,1.05,1.15,1.05,852,237,3.59,85.87%,0.090565,2021-11-26
SNAP,49.76,Put,54,2021-12-10,14,4.9,5,5.1,4.82,1100,306,3.59,56.34%,-0.753603,2021-11-26
AMZN,3504.56,Put,3505,2021-11-26,0,0.05,2.15,4.25,2.5,1637,457,3.58,3.13%,-0.529949,2021-11-26
BA,199.21,Call,202.5,2021-12-03,7,3.45,3.55,3.65,3.56,1231,346,3.56,45.37%,0.409404,2021-11-26
JD,88.67,Call,89,2021-11-26,0,0.02,0.04,0.05,0.1,1521,428,3.55,7.79%,0.180075,2021-11-26
AMC,37.63,Call,37,2021-12-03,7,2.18,2.24,2.29,2.24,1987,559,3.55,92.63%,0.577654,2021-11-26
DOW,57.6,Call,50,2021-12-17,21,7.5,7.6,7.7,7.65,771,218,3.54,37.78%,0.956273,2021-11-26
TSLA,1081.92,Call,1095,2021-12-03,7,37.2,37.7,38.2,38.62,1882,531,3.54,73.08%,0.472886,2021-11-26
DIS,148.11,Call,90,2023-01-20,420,60.25,61,61.75,61.6,604,171,3.53,41.29%,0.911903,2021-11-26
OXY,29.7,Put,26,2022-06-17,202,3.2,3.28,3.35,3.55,1500,425,3.53,59.93%,-0.300958,2021-11-26
ALL,115.12,Put,100,2022-01-21,56,0.95,1.03,1.1,0.9,2392,678,3.53,32.95%,-0.129901,2021-11-26
TLRY,10.57,Call,11,2021-12-03,7,0.26,0.27,0.28,0.27,3569,1017,3.51,76.05%,0.372251,2021-11-26
AAL,17.75,Put,15,2022-09-16,293,1.64,1.69,1.75,1.67,11983,3416,3.51,49.04%,-0.27278,2021-11-26
BA,199.21,Put,105,2023-03-17,475,3.7,4.25,4.8,4.29,574,164,3.5,47.15%,-0.07148,2021-11-26
QCOM,175.74,Call,175,2021-12-03,7,3.8,4.07,4.35,4.06,1736,496,3.5,38.21%,0.540539,2021-11-26
AFRM,136.98,Call,140,2021-12-03,7,4.3,4.5,4.7,4.5,2882,825,3.49,76.98%,0.439922,2021-11-26
AMD,154.81,Call,157.5,2021-12-03,7,3.3,3.35,3.4,3.5,7192,2062,3.49,52.97%,0.421527,2021-11-26
LVS,37.87,Put,35,2021-12-03,7,0.25,0.27,0.29,0.3,640,184,3.48,59.41%,-0.158823,2021-11-26
AAL,17.75,Call,17,2022-04-14,138,2.69,2.74,2.78,2.74,699,201,3.48,55.27%,0.617012,2021-11-26
ROKU,235.16,Call,230,2021-11-26,0,4.75,5.33,5.9,5.7,815,234,3.48,46.31%,0.82493,2021-11-26
AMD,154.81,Put,152.5,2021-12-03,7,3.4,3.47,3.55,3.35,6617,1909,3.47,53.47%,-0.405061,2021-11-26
BA,199.21,Call,195,2021-11-26,0,3.9,4.15,4.4,4.3,2437,704,3.46,27.95%,0.930357,2021-11-26
FB,333.12,Call,332.5,2021-12-03,7,7.55,7.7,7.85,7.87,636,185,3.44,40.16%,0.524553,2021-11-26
BNTX,348,Call,350,2021-11-26,0,0.1,1.8,3.5,0.5,1069,311,3.44,17.34%,0.263867,2021-11-26
AAPL,156.81,Put,157.5,2021-11-26,0,0.01,0.51,1.01,0.23,86987,25309,3.44,18.47%,-0.675054,2021-11-26
FB,333.12,Call,332.5,2021-11-26,0,0.61,0.84,1.06,1.15,1280,373,3.43,6.66%,0.705628,2021-11-26
BAC,45.76,Call,45,2021-12-03,7,1.2,1.23,1.25,1.23,1795,523,3.43,31.97%,0.653569,2021-11-26
AFRM,136.98,Call,132,2021-11-26,0,4.5,5.5,6.5,3.5,955,280,3.41,77.24%,0.827144,2021-11-26
MRK,79.16,Put,82,2021-11-26,0,2.63,2.79,2.95,2.2,968,284,3.41,52.83%,-0.898474,2021-11-26
SM,28.67,Call,45,2022-01-21,56,0.45,0.53,0.6,0.54,514,151,3.4,87.61%,0.126758,2021-11-26
DASH,187.92,Call,190,2021-12-03,7,5.85,6.1,6.35,5.91,531,156,3.4,66.11%,0.470381,2021-11-26
NKLA,10.46,Put,12,2021-12-03,7,1.6,1.66,1.72,1.76,1016,300,3.39,97.05%,-0.830158,2021-11-26
CCL,17.95,Put,18,2021-12-03,7,0.75,0.77,0.79,0.84,1623,479,3.39,75.04%,-0.489904,2021-11-26
CCL,17.95,Call,17.5,2022-06-17,202,3.25,3.35,3.45,3.3,3844,1133,3.39,58.74%,0.609444,2021-11-26
DNA,12.06,Put,17.5,2022-01-21,56,6.4,6.55,6.7,6.4,515,153,3.37,128.73%,-0.686549,2021-11-26
PING,23.56,Call,25,2021-12-17,21,0.75,0.83,0.9,0.85,1223,363,3.37,62.83%,0.375216,2021-11-26
ZNGA,6.44,Call,6.5,2021-12-10,14,0.22,0.29,0.36,0.27,622,185,3.36,59.18%,0.491294,2021-11-26
EOG,87.42,Call,125,2023-01-20,420,5,6.38,7.75,4.7,750,223,3.36,45.59%,0.297135,2021-11-26
ROKU,235.16,Call,235,2021-11-26,0,0.5,0.74,0.97,0.65,1738,517,3.36,11.62%,0.546227,2021-11-26
AMD,154.81,Put,149,2021-12-17,21,5.1,5.15,5.2,5.37,2136,636,3.36,53.10%,-0.357786,2021-11-26
STNE,16.34,Call,20,2021-12-17,21,0.35,0.45,0.55,0.4,2326,697,3.34,93.08%,0.213714,2021-11-26
NVDA,315.03,Call,420,2023-06-16,566,45,49,53,48.12,1127,338,3.33,50.97%,0.447452,2021-11-26
MARA,49.2,Put,48,2021-12-03,7,2.34,2.5,2.65,2.65,620,187,3.32,119.88%,-0.408329,2021-11-26
SQ,212.08,Put,195,2021-12-03,7,0.92,1.01,1.09,1.01,1615,486,3.32,54.22%,-0.123839,2021-11-26
RBLX,122.65,Put,123,2021-11-26,0,0.24,0.44,0.64,0.3,1122,339,3.31,17.41%,-0.621823,2021-11-26
EB,16.22,Put,15,2021-12-17,21,0.5,0.55,0.6,0.6,2064,624,3.31,74.09%,-0.298356,2021-11-26
AMC,37.63,Call,40,2021-12-03,7,1.08,1.11,1.14,1.13,5950,1805,3.3,98.32%,0.351804,2021-11-26
NOK,5.55,Call,5.5,2021-12-03,7,0.13,0.14,0.14,0.14,797,242,3.29,37.09%,0.580118,2021-11-26
PFE,54,Call,54,2021-12-03,7,1.16,1.22,1.28,1.26,7881,2398,3.29,42.70%,0.508487,2021-11-26
HOOD,27.92,Put,32.5,2021-12-03,7,4.7,4.93,5.15,4.8,969,295,3.28,92.23%,-0.869807,2021-11-26
NVDA,315.03,Put,315,2021-11-26,0,0.21,0.3,0.38,0.21,7803,2392,3.26,3.44%,-0.478271,2021-11-26
AMD,154.81,Call,240,2021-12-17,21,0.1,0.12,0.13,0.12,644,198,3.25,78.32%,0.012574,2021-11-26
BAC,45.76,Call,45,2021-12-10,14,1.47,1.51,1.55,1.53,583,180,3.24,31.73%,0.614971,2021-11-26
AMZN,3504.56,Call,3600,2021-12-03,7,28,28.88,29.75,28.8,4982,1544,3.23,33.53%,0.289356,2021-11-26
BA,199.21,Call,215,2021-12-03,7,0.69,0.72,0.75,0.74,1859,579,3.21,45.93%,0.121559,2021-11-26
DAL,36.38,Put,30,2022-02-18,84,1.01,1.1,1.18,1.05,537,168,3.2,52.39%,-0.185638,2021-11-26
JPM,161.93,Call,165,2021-12-03,7,1.26,1.33,1.39,1.34,1156,361,3.2,28.95%,0.32336,2021-11-26
PFE,54,Put,48,2021-12-23,27,0.21,0.24,0.27,0.23,1451,453,3.2,33.69%,-0.095318,2021-11-26
AAL,17.75,Call,20,2022-04-14,138,1.49,1.52,1.54,1.49,7988,2495,3.2,53.24%,0.420639,2021-11-26
AMD,154.81,Put,155,2021-11-26,0,0.26,0.31,0.36,0.24,16459,5139,3.2,6.26%,-0.646107,2021-11-26
AAL,17.75,Call,17,2022-09-16,293,3.35,3.43,3.5,3.35,523,164,3.19,47.94%,0.62443,2021-11-26
HL,5.58,Call,5.5,2021-12-03,7,0.22,0.24,0.26,0.22,745,235,3.17,57.97%,0.586715,2021-11-26
TSLA,1081.92,Put,1095,2021-11-26,0,10.45,12.25,14.05,10.35,7830,2468,3.17,22.25%,-0.849385,2021-11-26
SEAS,61.58,Call,70,2022-01-21,56,2.05,2.22,2.4,1.6,933,296,3.15,52.92%,0.303735,2021-11-26
NVDA,315.03,Put,285,2021-12-03,7,1.19,1.44,1.7,1.36,1150,365,3.15,59.75%,-0.105243,2021-11-26
GME,199.72,Call,205,2021-11-26,0,0.02,0.07,0.12,0.13,505,161,3.14,30.79%,0.052325,2021-11-26
DAL,36.38,Call,36,2021-12-17,21,1.98,2.02,2.06,2.04,1034,329,3.14,53.26%,0.558214,2021-11-26
SAVE,20.6,Call,20,2021-12-17,21,1.61,1.64,1.66,1.66,777,248,3.13,68.97%,0.60322,2021-11-26
DIDI,7.88,Call,8,2021-12-03,7,0.35,0.37,0.39,0.35,1504,482,3.12,92.88%,0.478831,2021-11-26
PFE,54,Call,55,2021-12-10,14,1.2,1.23,1.26,1.26,3339,1079,3.09,40.81%,0.419766,2021-11-26
BNTX,348,Call,365,2021-11-26,0,0.1,0.08,0.05,0.1,703,228,3.08,46.16%,0.024073,2021-11-26
COIN,303.19,Call,305,2021-11-26,0,0.05,0.1,0.15,0.15,868,283,3.07,11.43%,0.158944,2021-11-26
MGM,41.85,Call,45,2021-12-03,7,0.21,0.23,0.25,0.23,608,199,3.06,50.13%,0.156085,2021-11-26
TRTX,12.34,Call,12.5,2022-01-21,56,0.4,0.5,0.6,0.4,586,192,3.05,27.14%,0.440753,2021-11-26
BAC,45.76,Put,44.5,2021-12-03,7,0.42,0.44,0.46,0.45,1019,334,3.05,37.92%,-0.290377,2021-11-26
CBOE,128.88,Call,80,2022-01-21,56,47.7,49.3,50.9,50.8,10800,3567,3.03,99.65%,0.920741,2021-11-26
JNJ,159.2,Put,162.5,2021-12-03,7,3.7,3.9,4.1,3.95,511,169,3.02,19.95%,-0.771895,2021-11-26
BA,199.21,Put,197.5,2021-12-03,7,4.2,4.33,4.45,4.3,589,196,3.01,46.65%,-0.434089,2021-11-26
SWN,4.96,Put,5,2021-12-10,14,0.25,0.28,0.31,0.29,528,176,3,69.35%,-0.496435,2021-11-26
PXD,181.73,Call,2.5,2022-01-21,56,17.7,19.85,22,20.7,600,200,3,0.00%,0,2021-11-26
TSM,117.09,Put,105,2022-07-15,230,6.95,7.15,7.35,7.15,899,300,3,34.22%,-0.302617,2021-11-26
TSLA,1081.92,Call,1085,2021-12-03,7,42.25,42.95,43.65,43.17,802,268,2.99,74.69%,0.509723,2021-11-26
PFE,54,Put,50,2021-12-31,35,0.61,0.7,0.78,0.63,933,312,2.99,31.06%,-0.205591,2021-11-26
SYK,243.48,Put,250,2021-12-17,21,10.5,10.8,11.1,10.3,1685,563,2.99,29.58%,-0.634378,2021-11-26
AAL,17.75,Put,17.5,2021-12-10,14,0.77,0.79,0.8,0.8,1007,338,2.98,66.85%,-0.430926,2021-11-26
TSLA,1081.92,Put,1090,2021-12-03,7,47.1,48.13,49.15,47.15,3136,1051,2.98,71.70%,-0.510043,2021-11-26
AAL,17.75,Call,18,2021-12-17,21,0.91,0.93,0.94,0.94,2560,861,2.97,62.03%,0.492292,2021-11-26
TSLA,1081.92,Call,1100,2021-12-03,7,34.7,35.3,35.9,35.74,8264,2782,2.97,73.35%,0.45531,2021-11-26
BRK.B,283.09,Call,287.5,2021-12-03,7,0.93,1.34,1.75,1.01,595,201,2.96,16.82%,0.257352,2021-11-26
CRSP,78.79,Put,100,2023-01-20,420,34.5,36.7,38.9,37.35,1008,341,2.96,68.57%,-0.481698,2021-11-26
BAC,45.76,Call,45.5,2021-12-03,7,0.92,0.93,0.94,0.95,6369,2153,2.96,31.76%,0.557849,2021-11-26
HTZ,23.87,Call,30,2022-03-18,111,2.75,2.98,3.2,2.92,1293,438,2.95,93.28%,0.425883,2021-11-26
AMZN,3504.56,Put,3540,2021-11-26,0,24.25,31.68,39.1,31.03,2665,915,2.91,20.91%,-0.821321,2021-11-26
BAC,45.76,Put,45,2021-12-03,7,0.58,0.6,0.61,0.61,4662,1607,2.9,37.34%,-0.365448,2021-11-26
AMC,37.63,Call,37,2021-12-10,14,3.35,3.5,3.65,3.4,521,180,2.89,105.64%,0.573468,2021-11-26
AAL,17.75,Call,19,2021-12-10,14,0.4,0.41,0.42,0.42,1163,405,2.87,63.58%,0.31414,2021-11-26
MO,43.74,Call,45,2021-12-10,14,0.29,0.3,0.3,0.28,2209,769,2.87,23.18%,0.25433,2021-11-26
FIS,108.01,Put,95,2022-01-21,56,1.5,1.73,1.95,1.7,523,183,2.86,38.40%,-0.179539,2021-11-26
CCL,17.95,Call,17.5,2021-12-17,21,1.45,1.48,1.52,1.45,1206,422,2.86,71.51%,0.592536,2021-11-26
AAPL,156.81,Put,155,2021-12-23,27,3.7,4.05,4.4,4.3,5659,1980,2.86,30.35%,-0.429252,2021-11-26
ZNGA,6.44,Put,6.5,2021-12-17,21,0.3,0.33,0.37,0.36,2152,761,2.83,53.22%,-0.503403,2021-11-26
MRNA,329.63,Call,450,2022-06-17,202,24.25,26.63,29,29,536,190,2.82,65.20%,0.345252,2021-11-26
LCID,51.72,Put,42,2021-12-03,7,0.37,0.39,0.41,0.39,668,238,2.81,120.11%,-0.090958,2021-11-26
NVDA,315.03,Put,317.5,2021-12-03,7,9.85,10.43,11,10.45,1427,511,2.79,52.46%,-0.528355,2021-11-26
PFE,54,Call,55,2021-12-03,7,0.85,0.87,0.89,0.86,17874,6418,2.78,43.53%,0.388686,2021-11-26
AFRM,136.98,Call,134,2021-11-26,0,2.6,3.3,4,2.8,1061,384,2.76,78.18%,0.712898,2021-11-26
TSLA,1081.92,Call,1105,2021-12-03,7,32.4,32.78,33.15,34.35,1160,421,2.76,71.77%,0.435427,2021-11-26
LI,32.4,Call,33,2021-12-03,7,1.51,1.53,1.55,1.55,2259,818,2.76,101.62%,0.476101,2021-11-26
CVX,114.51,Call,116,2021-12-23,27,3.05,3.15,3.25,3.15,591,215,2.75,31.98%,0.445262,2021-11-26
FCX,37.24,Put,37,2021-12-10,14,1.42,1.5,1.57,1.44,595,216,2.75,53.56%,-0.455456,2021-11-26
AFRM,136.98,Call,135,2021-12-03,7,6.8,6.9,7,7,1482,541,2.74,79.33%,0.574415,2021-11-26
XOM,61.25,Call,60,2021-11-26,0,1.22,1.29,1.35,1.34,837,307,2.73,38.57%,0.850197,2021-11-26
DIDI,7.88,Call,7.5,2021-11-26,0,0.37,0.41,0.45,0.34,2172,797,2.73,93.38%,0.851537,2021-11-26
SLQT,9.28,Put,10,2022-04-14,138,2.1,2.18,2.25,2.15,590,218,2.71,75.48%,-0.471551,2021-11-26
GPS,17.33,Call,18,2021-12-03,7,0.28,0.32,0.35,0.33,1461,539,2.71,62.54%,0.34453,2021-11-26
AMZN,3504.56,Put,3550,2021-12-03,7,81.9,86.58,91.25,84,2463,909,2.71,30.04%,-0.613587,2021-11-26
TSLA,1081.92,Call,1325,2021-12-03,7,1,1.11,1.21,1.09,558,207,2.7,73.83%,0.026742,2021-11-26
BMY,56.53,Put,57,2021-12-10,14,1.22,1.33,1.43,1.47,767,284,2.7,23.28%,-0.573316,2021-11-26
AAL,17.75,Put,16,2022-04-14,138,1.47,1.51,1.54,1.57,3192,1183,2.7,55.28%,-0.317061,2021-11-26
AMC,37.63,Call,48,2021-12-10,14,0.99,1.02,1.05,1.02,608,226,2.69,132.15%,0.208665,2021-11-26
AMD,154.81,Put,143,2021-12-03,7,0.93,0.95,0.97,0.92,1725,642,2.69,56.64%,-0.146574,2021-11-26
OXY,29.7,Call,29,2021-12-03,7,1.42,1.44,1.47,1.42,1934,719,2.69,63.71%,0.623391,2021-11-26
ATVI,60.62,Call,57.5,2022-01-21,56,5.5,5.63,5.75,6,731,273,2.68,42.34%,0.653833,2021-11-26
AMD,154.81,Call,155,2021-11-26,0,0.09,0.12,0.15,0.12,31853,11904,2.68,6.25%,0.35372,2021-11-26
NVDA,315.03,Call,325,2021-12-03,7,5.5,5.65,5.8,5.9,3342,1251,2.67,55.68%,0.357376,2021-11-26
ADSK,254.17,Call,275,2021-12-03,7,0.41,0.46,0.52,0.6,567,214,2.65,39.10%,0.076717,2021-11-26
DKNG,36.04,Call,37,2021-12-17,21,2,2.03,2.05,2.01,1114,420,2.65,70.47%,0.471794,2021-11-26
ETN,167.51,Call,160,2022-01-21,56,11.5,11.9,12.3,11.88,1205,457,2.64,30.46%,0.665533,2021-11-26
COTY,9.64,Call,10,2022-02-18,84,1.03,1.06,1.09,1.04,3543,1344,2.64,64.66%,0.515125,2021-11-26
MSFT,329.68,Put,330,2021-11-26,0,0.18,0.36,0.54,0.31,4483,1695,2.64,5.17%,-0.6429,2021-11-26
MSFT,329.68,Call,330,2021-12-10,14,6.25,6.88,7.5,7.1,906,346,2.62,28.31%,0.5025,2021-11-26
WMT,144.9,Put,147,2021-11-26,0,1.5,2.04,2.58,1.4,2571,982,2.62,41.53%,-0.744634,2021-11-26
FCX,37.24,Call,39,2021-12-03,7,0.46,0.49,0.52,0.51,1434,550,2.61,56.53%,0.290323,2021-11-26
BA,199.21,Call,195,2021-12-17,21,11.05,11.18,11.3,11.3,1099,422,2.6,47.93%,0.596271,2021-11-26
TDOC,109.61,Call,115,2021-12-03,7,1.99,2.09,2.19,2.05,1681,647,2.6,67.84%,0.321353,2021-11-26
AMZN,3504.56,Put,3530,2021-12-03,7,70.3,74.15,78,71,699,270,2.59,29.55%,-0.561992,2021-11-26
GE,97.84,Put,94,2021-12-03,7,0.67,0.72,0.77,0.77,840,324,2.59,40.95%,-0.231558,2021-11-26
GME,199.72,Put,140,2021-12-03,7,0.22,0.27,0.31,0.3,705,273,2.58,131.94%,-0.020888,2021-11-26
INO,7.25,Call,7.5,2021-12-03,7,0.26,0.28,0.29,0.26,1610,625,2.58,91.29%,0.418832,2021-11-26
BA,199.21,Call,260,2022-03-18,111,4.15,4.25,4.35,3.85,2306,895,2.58,45.64%,0.175727,2021-11-26
AAL,17.75,Put,16,2022-01-21,56,0.88,0.9,0.92,0.92,2486,963,2.58,62.82%,-0.292636,2021-11-26
AMC,37.63,Put,31,2021-12-03,7,0.2,0.21,0.22,0.21,4574,1777,2.57,104.95%,-0.07981,2021-11-26
SBUX,110.66,Call,117,2021-12-03,7,0.13,0.15,0.16,0.14,787,308,2.56,27.70%,0.074784,2021-11-26
AAL,17.75,Put,18.5,2021-12-17,21,1.44,1.46,1.48,1.58,849,331,2.56,60.19%,-0.584831,2021-11-26
PXD,181.73,Call,12.5,2022-01-21,56,9.2,9.95,10.7,10.3,600,236,2.54,0.00%,0,2021-11-26
APRN,9.84,Call,11,2021-12-17,21,0.55,0.6,0.65,0.6,990,389,2.54,108.98%,0.383803,2021-11-26
FB,333.12,Put,335,2021-11-26,0,1.48,1.76,2.03,1.06,7360,2897,2.54,10.68%,-0.843952,2021-11-26
AAPL,156.81,Call,157.5,2021-12-03,7,2.25,2.4,2.54,2.33,26393,10407,2.54,30.72%,0.466606,2021-11-26
AAL,17.75,Call,17,2022-01-21,56,2.02,2.05,2.08,2.06,636,251,2.53,61.16%,0.618263,2021-11-26
NVAX,217.97,Call,250,2021-12-03,7,6.4,6.58,6.75,6.5,753,298,2.53,141.28%,0.273266,2021-11-26
MOS,35.32,Call,42,2022-03-18,111,1.43,1.49,1.55,1.49,902,357,2.53,47.22%,0.292929,2021-11-26
AFRM,136.98,Call,137,2021-12-03,7,5.8,6.15,6.5,5.9,622,247,2.52,78.12%,0.521086,2021-11-26
X,24.27,Call,22,2021-12-03,7,2.38,2.43,2.48,2.35,1085,430,2.52,67.38%,0.863922,2021-11-26
XOM,61.25,Put,59,2021-12-03,7,0.46,0.48,0.49,0.46,573,228,2.51,38.08%,-0.236489,2021-11-26
MARA,49.2,Call,58,2021-12-03,7,0.66,0.7,0.74,0.74,812,323,2.51,119.33%,0.180584,2021-11-26
MRNA,329.63,Call,500,2021-12-17,21,1.33,1.46,1.58,1.54,843,339,2.49,99.05%,0.051075,2021-11-26
CVX,114.51,Call,111,2021-12-03,7,4.4,4.53,4.65,4.62,753,304,2.48,40.88%,0.715125,2021-11-26
PLUG,40.25,Call,41,2021-12-03,7,1.47,1.51,1.55,1.51,815,328,2.48,82.96%,0.458918,2021-11-26
BA,199.21,Put,170,2021-12-03,7,0.3,0.32,0.33,0.3,1399,563,2.48,66.77%,-0.039105,2021-11-26
AAL,17.75,Put,18,2021-11-26,0,0.23,0.25,0.27,0.28,3481,1410,2.47,0.00%,0,2021-11-26
DIS,148.11,Put,147,2021-12-03,7,1.86,1.98,2.09,2,769,313,2.46,30.88%,-0.421669,2021-11-26
ZM,220.21,Call,230,2021-12-03,7,4.2,4.45,4.7,4.43,2246,918,2.45,67.87%,0.338804,2021-11-26
COF,149.16,Put,140,2022-06-17,202,10.4,10.9,11.4,10.3,611,251,2.43,34.15%,-0.361823,2021-11-26
AXP,156.82,Call,170,2021-12-03,7,0.29,0.33,0.38,0.34,1380,567,2.43,41.54%,0.084233,2021-11-26
JPM,161.93,Put,157.5,2021-12-03,7,0.94,1,1.06,1.07,1530,629,2.43,29.74%,-0.247031,2021-11-26
TDOC,109.61,Call,120,2021-12-03,7,0.97,1.07,1.16,1.06,1652,681,2.43,70.30%,0.189011,2021-11-26
XPEV,51.11,Call,54,2021-12-10,14,1.94,2.14,2.33,2.39,607,251,2.42,82.55%,0.397719,2021-11-26
MS,97.93,Call,100,2021-12-03,7,1,1.07,1.13,1.1,720,297,2.42,36.24%,0.344227,2021-11-26
MRNA,329.63,Call,315,2021-11-26,0,14,15.5,17,15.63,729,303,2.41,81.77%,0.86212,2021-11-26
BABA,133.35,Put,130,2021-12-03,7,2.27,2.32,2.36,2.31,969,402,2.41,51.56%,-0.347439,2021-11-26
BA,199.21,Call,220,2021-12-03,7,0.38,0.39,0.4,0.38,1073,447,2.4,47.08%,0.068131,2021-11-26
BAC,45.76,Call,44.5,2021-11-26,0,1.21,1.33,1.44,1.25,841,352,2.39,65.99%,0.796905,2021-11-26
GEVO,5.75,Put,5,2023-01-20,420,1.7,1.78,1.85,1.81,679,285,2.38,99.06%,-0.253097,2021-11-26
KDP,34.98,Call,39,2022-01-21,56,0.1,0.15,0.2,0.14,816,343,2.38,21.74%,0.102327,2021-11-26
AMZN,3504.56,Put,3500,2021-12-03,7,55.8,59.47,63.15,62.15,3275,1378,2.38,33.30%,-0.479434,2021-11-26
MRNA,329.63,Call,600,2021-12-17,21,0.48,0.52,0.55,0.5,588,249,2.36,111.01%,0.017185,2021-11-26
UPST,209.41,Call,220,2021-12-03,7,5.6,5.95,6.3,5.7,655,277,2.36,85.43%,0.36025,2021-11-26
ZM,220.21,Call,230,2021-12-17,21,9,9.2,9.4,8.3,1367,579,2.36,62.89%,0.415792,2021-11-26
NLS,7.38,Call,7.5,2021-12-17,21,0.45,0.5,0.55,0.45,1995,847,2.36,71.39%,0.496678,2021-11-26
AAPL,156.81,Put,157.5,2021-12-03,7,2.9,2.97,3.05,3.02,19074,8092,2.36,30.56%,-0.53368,2021-11-26
MGM,41.85,Call,42,2021-12-17,21,1.93,1.96,2,1.99,1469,624,2.35,51.47%,0.513165,2021-11-26
PDD,68.46,Put,55,2021-12-03,7,0.39,0.42,0.44,0.45,532,227,2.34,117.75%,-0.077197,2021-11-26
JPM,161.93,Call,160,2021-11-26,0,1.84,2.17,2.49,1.9,1676,715,2.34,39.30%,0.724178,2021-11-26
AAPL,156.81,Put,155,2021-12-03,7,1.79,1.9,2,1.95,25392,10916,2.33,32.00%,-0.388846,2021-11-26
AMZN,3504.56,Put,3490,2021-11-26,0,0.05,0.28,0.5,0.1,2327,1001,2.32,4.34%,-0.032336,2021-11-26
PFE,54,Call,54.5,2021-12-03,7,1.03,1.05,1.06,1.05,5998,2580,2.32,43.28%,0.447417,2021-11-26
AMC,37.63,Put,30,2021-12-03,7,0.15,0.16,0.16,0.16,6480,2788,2.32,110.97%,-0.060384,2021-11-26
SIRI,6.17,Call,7,2022-03-18,111,0.25,0.28,0.3,0.3,2713,1173,2.31,44.29%,0.339774,2021-11-26
JMIA,13.64,Call,15,2021-12-17,21,0.75,0.78,0.81,0.77,3761,1629,2.31,98.21%,0.387602,2021-11-26
NRG,36.25,Put,34,2021-12-17,21,0.3,0.38,0.45,0.45,1189,518,2.3,37.22%,-0.228923,2021-11-26
TSLA,1081.92,Call,1240,2021-12-03,7,2.94,3.12,3.3,3.15,1615,703,2.3,65.96%,0.073912,2021-11-26
SAVE,20.6,Call,30,2023-01-20,420,2.65,2.74,2.83,2.71,8861,3857,2.3,60.01%,0.398243,2021-11-26
AG,11.91,Call,12.5,2021-12-03,7,0.16,0.18,0.19,0.16,585,255,2.29,57.17%,0.283866,2021-11-26
AMWL,6.68,Call,7.5,2021-12-17,21,0.15,0.18,0.2,0.2,1683,735,2.29,75.08%,0.290218,2021-11-26
PDD,68.46,Call,80,2022-01-21,56,3.65,3.8,3.95,3.85,2072,906,2.29,72.66%,0.342961,2021-11-26
TSLA,1081.92,Call,1160,2021-12-03,7,13.15,13.55,13.95,13.4,2260,985,2.29,66.56%,0.238902,2021-11-26
GOOGL,2843.66,Put,2850,2021-11-26,0,0.15,2.53,4.9,3.5,1016,445,2.28,0.00%,0,2021-11-26
AAL,17.75,Put,15.5,2021-12-03,7,0.13,0.14,0.14,0.13,1589,698,2.28,86.94%,-0.117759,2021-11-26
MAR,147.44,Call,175,2022-01-21,56,1.35,1.48,1.61,1.49,2043,898,2.28,38.06%,0.141483,2021-11-26
DAL,36.38,Call,36,2022-01-21,56,3,3.08,3.15,3.06,667,294,2.27,50.70%,0.560901,2021-11-26
FCEL,8.94,Call,9,2021-12-03,7,0.49,0.5,0.51,0.51,2261,999,2.26,108.95%,0.512446,2021-11-26
ACI,35.72,Call,40,2021-12-17,21,0.4,0.45,0.5,0.5,2652,1173,2.26,53.59%,0.205541,2021-11-26
CCL,17.95,Call,19,2021-12-31,35,1.06,1.13,1.19,1.1,513,228,2.25,68.87%,0.436705,2021-11-26
PFE,54,Call,60,2021-12-31,35,0.68,0.72,0.75,0.72,665,296,2.25,39.48%,0.205339,2021-11-26
XOM,61.25,Put,59,2021-12-17,21,1.12,1.15,1.17,1.57,512,229,2.24,35.01%,-0.324887,2021-11-26
AMZN,3504.56,Put,3545,2021-11-26,0,29,36.18,43.35,32.52,1261,564,2.24,21.03%,-0.851863,2021-11-26
KO,53.73,Call,55,2021-12-03,7,0.1,0.11,0.12,0.1,1301,580,2.24,16.79%,0.155008,2021-11-26
AMZN,3504.56,Put,3580,2021-11-26,0,64,71.05,78.1,63.43,1909,854,2.24,31.60%,-0.901267,2021-11-26
LCID,51.72,Put,49,2021-12-03,7,1.9,1.92,1.95,1.93,1943,868,2.24,111.65%,-0.334743,2021-11-26
NFLX,665.64,Put,665,2021-11-26,0,0.22,0.67,1.11,0.15,1039,465,2.23,6.90%,-0.393328,2021-11-26
VIAC,32.61,Call,33,2021-12-17,21,1.07,1.11,1.14,1.07,769,346,2.22,40.70%,0.465049,2021-11-26
ZM,220.21,Call,215,2021-11-26,0,4.8,5.65,6.5,5.78,681,308,2.21,50.81%,0.821296,2021-11-26
UAL,42.26,Put,40,2021-12-03,7,0.67,0.69,0.7,0.7,701,317,2.21,69.56%,-0.267981,2021-11-26
DIS,148.11,Call,150,2021-12-03,7,1.65,1.71,1.76,1.73,1267,577,2.2,31.14%,0.392749,2021-11-26
AAPL,156.81,Put,147,2021-12-17,21,0.27,0.98,1.68,1.35,3376,1546,2.18,32.41%,-0.193012,2021-11-26
AMD,154.81,Call,160,2021-12-03,7,2.45,2.48,2.51,2.54,11606,5330,2.18,53.12%,0.340405,2021-11-26
COIN,303.19,Call,320,2021-12-03,7,3.8,4,4.2,4,538,248,2.17,59.83%,0.270998,2021-11-26
SCHW,79.15,Call,90,2021-12-17,21,0.11,0.13,0.15,0.13,1540,712,2.16,32.27%,0.051916,2021-11-26
UBER,40.52,Put,40,2021-12-10,14,1.31,1.41,1.51,1.38,1926,892,2.16,51.76%,-0.429213,2021-11-26
OLN,58.7,Put,50,2021-12-17,21,0.45,0.53,0.6,0.66,500,233,2.15,60.04%,-0.11871,2021-11-26
NIO,39.99,Put,41,2021-12-03,7,2.16,2.23,2.29,2.18,1151,535,2.15,72.70%,-0.578213,2021-11-26
XPEV,51.11,Call,65,2022-04-14,138,4.7,4.9,5.1,5,875,408,2.14,74.84%,0.385185,2021-11-26
PXD,181.73,Call,10,2022-01-21,56,11.3,12.5,13.7,12.4,650,305,2.13,0.00%,0,2021-11-26
NCLH,20.06,Put,18,2021-12-17,21,0.78,0.82,0.86,0.84,1192,559,2.13,92.11%,-0.273871,2021-11-26
JNJ,159.2,Put,157.5,2021-12-03,7,1.14,1.27,1.39,1.2,781,369,2.12,21.75%,-0.360969,2021-11-26
AMZN,3504.56,Put,3560,2021-11-26,0,44.25,51.65,59.05,43.48,2206,1041,2.12,27.85%,-0.859353,2021-11-26
DKNG,36.04,Put,35,2021-12-03,7,0.88,0.9,0.92,0.89,946,449,2.11,68.66%,-0.361044,2021-11-26
C,65.5,Call,65,2021-12-03,7,1.4,1.46,1.52,1.42,1000,474,2.11,32.49%,0.572546,2021-11-26
BA,199.21,Put,150,2022-02-18,84,2.97,3.04,3.1,3.22,1784,846,2.11,53.76%,-0.109295,2021-11-26
GS,389.39,Call,390,2021-11-26,0,0.08,0.42,0.76,0.4,527,251,2.1,8.26%,0.35469,2021-11-26
PTON,46.41,Put,46,2021-12-03,7,1.84,1.91,1.97,1.87,570,272,2.1,81.09%,-0.446191,2021-11-26
CVNA,291.11,Call,300,2021-12-03,7,2.88,3.34,3.8,3.46,708,337,2.1,43.05%,0.317528,2021-11-26
AAPL,156.81,Put,157.5,2021-12-10,14,3.9,4.08,4.25,4,6769,3226,2.1,29.57%,-0.519793,2021-11-26
LCID,51.72,Call,51,2021-11-26,0,0.68,0.79,0.9,0.76,11979,5707,2.1,23.64%,0.874401,2021-11-26
NVDA,315.03,Call,355,2021-12-03,7,0.66,0.71,0.76,0.75,2459,1175,2.09,56.99%,0.070238,2021-11-26
MS,97.93,Call,105,2021-12-03,7,0.17,0.19,0.21,0.16,611,294,2.08,36.37%,0.085594,2021-11-26
APA,26.24,Call,27.5,2021-12-03,7,0.48,0.52,0.56,0.58,619,299,2.07,69.49%,0.329679,2021-11-26
INO,7.25,Call,7,2021-11-26,0,0.24,0.39,0.53,0.25,771,372,2.07,265.92%,0.626693,2021-11-26
ATNF,5.41,Call,10,2021-12-17,21,0.3,0.38,0.45,0.4,697,339,2.06,264.49%,0.257458,2021-11-26
PTON,46.41,Call,52,2021-12-03,7,0.5,0.53,0.55,0.51,960,465,2.06,84.81%,0.181523,2021-11-26
CVX,114.51,Put,111,2021-12-03,7,0.88,0.92,0.96,0.96,619,302,2.05,36.47%,-0.26571,2021-11-26
ARQQ,34.85,Call,40,2021-12-17,21,1.5,1.8,2.1,1.85,676,330,2.05,109.24%,0.346468,2021-11-26
INTC,48.78,Put,48.5,2021-12-03,7,0.62,0.64,0.65,0.66,975,478,2.04,28.13%,-0.438529,2021-11-26
PFE,54,Call,53.5,2021-11-26,0,0.46,0.55,0.64,0.6,4538,2228,2.04,25.65%,0.75843,2021-11-26
CDEV,6.19,Put,6,2022-01-21,56,0.6,0.68,0.75,0.65,546,269,2.03,78.19%,-0.399163,2021-11-26
NVDA,315.03,Call,317.5,2021-12-03,7,8.15,8.6,9.05,8.55,916,452,2.03,55.73%,0.475056,2021-11-26
ZM,220.21,Put,220,2021-12-03,7,7.2,7.6,8,7.7,848,419,2.02,64.22%,-0.477935,2021-11-26
EXPE,159.8,Put,150,2021-12-17,21,3.75,3.9,4.05,4.25,529,263,2.01,53.00%,-0.287132,2021-11-26
BA,199.21,Put,105,2022-09-16,293,2.35,2.48,2.6,2.51,589,295,2,51.77%,-0.053246,2021-11-26
NVDA,315.03,Put,317.5,2021-11-26,0,0.38,1.74,3.1,1.5,3648,1822,2,23.87%,-0.73354,2021-11-26
BAC,45.76,Call,46.5,2021-12-03,7,0.47,0.48,0.49,0.48,4374,2190,2,31.43%,0.361888,2021-11-26
AMD,154.81,Call,185,2021-12-03,7,0.11,0.12,0.13,0.14,637,320,1.99,63.67%,0.024069,2021-11-26
CVX,114.51,Call,114,2021-11-26,0,0.41,0.6,0.79,0.6,1254,631,1.99,11.95%,0.762389,2021-11-26
BABA,133.35,Call,140,2021-12-10,14,2.56,2.63,2.7,2.76,1635,823,1.99,49.70%,0.325961,2021-11-26
AER,57.74,Call,70,2022-01-21,56,0.6,0.7,0.8,0.65,1032,520,1.98,42.53%,0.141977,2021-11-26
SPCE,16.73,Call,17,2021-12-03,7,0.55,0.57,0.58,0.56,609,309,1.97,73.71%,0.457919,2021-11-26
CHPT,25.82,Put,24,2021-12-03,7,0.37,0.4,0.42,0.4,1129,574,1.97,78.08%,-0.2326,2021-11-26
NVDA,315.03,Call,315,2021-11-26,0,0.35,0.48,0.6,0.5,4111,2082,1.97,7.42%,0.510701,2021-11-26
ET,8.84,Call,8.5,2021-11-26,0,0.3,0.34,0.38,0.32,726,371,1.96,86.41%,0.814321,2021-11-26
WYNN,85.69,Put,82.5,2022-03-18,111,7.95,8.1,8.25,8.15,1314,669,1.96,52.45%,-0.39115,2021-11-26
SCHW,79.15,Call,95,2022-06-17,202,2.08,2.26,2.43,2.36,1512,773,1.96,31.03%,0.243557,2021-11-26
MSFT,329.68,Put,325,2021-12-03,7,3.1,3.3,3.5,3.26,1782,908,1.96,29.08%,-0.354826,2021-11-26
TTD,103.98,Call,140,2023-01-20,420,14,14.85,15.7,14.46,2390,1221,1.96,56.60%,0.427816,2021-11-26
AMC,37.63,Call,36,2021-12-03,7,2.72,2.79,2.85,2.8,735,377,1.95,92.16%,0.659444,2021-11-26
FB,333.12,Put,310,2021-12-31,35,6.25,6.45,6.65,6.5,564,292,1.93,38.77%,-0.254566,2021-11-26
AMC,37.63,Put,34,2021-12-03,7,0.58,0.6,0.62,0.6,1431,742,1.93,95.39%,-0.202103,2021-11-26
BAC,45.76,Call,45.5,2021-11-26,0,0.24,0.28,0.31,0.26,3146,1630,1.93,4.95%,0.997594,2021-11-26
CCL,17.95,Put,15,2021-12-03,7,0.13,0.14,0.14,0.13,3188,1648,1.93,106.32%,-0.097972,2021-11-26
UAL,42.26,Call,41,2021-12-17,21,3,3.13,3.25,3.05,541,282,1.92,59.44%,0.61177,2021-11-26
PBI,7.15,Call,7,2022-04-14,138,1,1.08,1.15,1.04,550,287,1.92,57.83%,0.581427,2021-11-26
BABA,133.35,Put,110,2022-06-17,202,9.8,9.98,10.15,10.05,3005,1565,1.92,54.74%,-0.249028,2021-11-26
TSLA,1081.92,Put,500,2021-12-03,7,0.19,0.22,0.24,0.26,6247,3254,1.92,205.78%,-0.002183,2021-11-26
QS,30.64,Call,33,2021-12-03,7,0.69,0.72,0.75,0.68,584,305,1.91,93.18%,0.30487,2021-11-26
DKNG,36.04,Call,43,2021-12-17,21,0.57,0.59,0.6,0.61,863,451,1.91,73.92%,0.182193,2021-11-26
BNTX,348,Call,380,2021-12-03,7,10.5,11.15,11.8,11.6,990,522,1.9,121.17%,0.329854,2021-11-26
AAL,17.75,Call,18,2022-04-14,138,2.23,2.26,2.3,2.18,670,354,1.89,54.68%,0.550597,2021-11-26
TDOC,109.61,Call,120,2021-12-17,21,2.8,2.86,2.91,2.89,1287,681,1.89,62.64%,0.298938,2021-11-26
OCGN,6.45,Call,7.5,2021-12-10,14,0.25,0.32,0.38,0.32,702,373,1.88,134.15%,0.329003,2021-11-26
BABA,133.35,Call,225,2022-02-18,84,0.44,0.54,0.63,0.34,1029,546,1.88,57.57%,0.039647,2021-11-26
SHOP,1576.7,Call,1650,2021-11-26,0,0.05,0.1,0.15,0.12,1323,702,1.88,38.15%,0.011245,2021-11-26
UPST,209.41,Call,210,2021-11-26,0,0.05,0.1,0.15,0.1,1540,821,1.88,7.12%,0.224179,2021-11-26
BRK.B,283.09,Put,277.5,2021-12-03,7,0.87,1.04,1.2,1.2,829,443,1.87,21.07%,-0.24235,2021-11-26
AMC,37.63,Call,41,2021-12-03,7,0.87,0.88,0.89,0.88,1774,948,1.87,99.56%,0.290077,2021-11-26
AAPL,156.81,Call,167.5,2021-12-03,7,0.23,0.27,0.3,0.27,14029,7511,1.87,33.75%,0.082331,2021-11-26
AAPL,156.81,Call,160,2021-12-31,35,4.4,4.63,4.85,4.6,74586,39848,1.87,31.12%,0.434591,2021-11-26
FB,333.12,Put,332.5,2021-12-03,7,6.75,6.9,7.05,6.65,902,486,1.86,39.21%,-0.475401,2021-11-26
FCX,37.24,Call,37,2021-11-26,0,0.17,0.25,0.32,0.26,1585,853,1.86,12.54%,0.839923,2021-11-26
AMC,37.63,Call,47,2021-12-03,7,0.32,0.33,0.33,0.33,2377,1280,1.86,123.83%,0.112974,2021-11-26
AZN,56.58,Call,57.5,2021-12-17,21,0.99,1.08,1.16,1.02,3490,1880,1.86,26.79%,0.406208,2021-11-26
ATXS,6.98,Call,7.5,2022-07-15,230,1.65,2.13,2.6,1.98,552,298,1.85,99.81%,0.620279,2021-11-26
GME,199.72,Call,300,2021-12-03,7,0.9,0.97,1.03,1,915,498,1.84,170.68%,0.054466,2021-11-26
FCX,37.24,Call,37,2021-12-03,7,1.22,1.26,1.3,1.25,970,527,1.84,55.04%,0.548294,2021-11-26
TSLA,1081.92,Put,1080,2021-12-03,7,42.95,43.5,44.05,43.15,2943,1601,1.84,73.90%,-0.472634,2021-11-26
UBER,40.52,Call,43,2021-12-17,21,0.96,0.98,1,1.01,541,298,1.82,49.52%,0.329799,2021-11-26
AAL,17.75,Put,17,2021-12-10,14,0.59,0.6,0.6,0.59,589,323,1.82,67.60%,-0.347324,2021-11-26
AUPH,19.33,Call,26,2021-12-17,21,0.6,0.88,1.15,1,515,284,1.81,155.22%,0.270923,2021-11-26
JPM,161.93,Call,162.5,2021-12-03,7,2.22,2.32,2.41,2.37,1074,592,1.81,29.85%,0.470713,2021-11-26
QCOM,175.74,Put,165,2021-12-03,7,0.95,1.03,1.1,1.08,629,350,1.8,48.56%,-0.1666,2021-11-26
V,197.65,Call,197.5,2021-12-03,7,3.9,4.03,4.15,4.2,756,419,1.8,36.29%,0.515164,2021-11-26
MSFT,329.68,Call,332.5,2021-12-03,7,3.75,3.9,4.05,4.1,1153,640,1.8,28.46%,0.42102,2021-11-26
F,19.75,Call,20,2021-12-31,35,1.02,1.06,1.1,1.02,2522,1403,1.8,47.12%,0.490078,2021-11-26
PFE,54,Call,65,2022-09-16,293,2.14,2.29,2.43,2.3,2724,1510,1.8,31.95%,0.277328,2021-11-26
AMD,154.81,Call,155,2021-12-03,7,4.45,4.53,4.6,4.6,8196,4547,1.8,54.86%,0.50879,2021-11-26
TSLA,1081.92,Call,1230,2021-12-03,7,3.5,3.7,3.9,4,1053,588,1.79,65.42%,0.085268,2021-11-26
NVDA,315.03,Call,315,2021-12-03,7,9.7,10.02,10.35,9.99,2315,1291,1.79,57.33%,0.516334,2021-11-26
NIO,39.99,Call,42,2021-12-03,7,0.87,0.9,0.92,0.89,5113,2854,1.79,75.56%,0.33861,2021-11-26
MSFT,329.68,Put,327.5,2021-12-03,7,3.65,4.13,4.6,4.25,2017,1134,1.78,28.93%,-0.427508,2021-11-26
APT,6.41,Call,7,2022-01-21,56,0.43,0.46,0.5,0.5,738,416,1.77,72.67%,0.433943,2021-11-26
AEO,26.81,Call,28,2023-01-20,420,4.6,4.82,5.05,4.8,749,424,1.77,49.30%,0.546132,2021-11-26
UAL,42.26,Put,41,2021-12-03,7,0.96,0.98,0.99,0.95,746,423,1.76,66.25%,-0.353462,2021-11-26
AMD,154.81,Call,157.5,2021-12-10,14,5.2,5.28,5.35,5.3,1007,573,1.76,53.76%,0.455919,2021-11-26
HD,402.7,Put,405,2021-11-26,0,0.53,1.41,2.29,1.12,1399,793,1.76,0.00%,0,2021-11-26
PENN,52.77,Call,61,2021-12-10,14,0.66,0.73,0.79,0.79,1811,1027,1.76,77.85%,0.19099,2021-11-26
TSLA,1081.92,Put,650,2021-12-03,7,0.51,0.58,0.65,0.65,3870,2197,1.76,159.09%,-0.007707,2021-11-26
ATXS,6.98,Call,12.5,2022-07-15,230,0.9,1.1,1.3,1.18,549,314,1.75,110.51%,0.410997,2021-11-26
CGC,11.69,Call,12,2021-12-03,7,0.39,0.41,0.42,0.4,605,346,1.75,82.70%,0.432045,2021-11-26
DAL,36.38,Call,35,2022-03-18,111,4.5,4.58,4.65,4.48,578,333,1.74,49.09%,0.609838,2021-11-26
AAPL,156.81,Put,148,2021-12-17,21,1.34,1.55,1.75,1.54,1480,850,1.74,32.06%,-0.215582,2021-11-26
GOLD,19.38,Call,13,2022-01-21,56,6.35,6.4,6.45,6.4,2400,1378,1.74,55.38%,0.978163,2021-11-26
AFRM,136.98,Call,145,2021-12-03,7,2.65,2.72,2.8,2.73,914,529,1.73,75.69%,0.311941,2021-11-26
AMC,37.63,Call,48,2021-12-03,7,0.28,0.3,0.31,0.31,921,531,1.73,129.91%,0.103305,2021-11-26
AAL,17.75,Call,20.5,2021-12-17,21,0.22,0.23,0.24,0.23,2293,1328,1.73,60.17%,0.177313,2021-11-26
BABA,133.35,Put,280,2023-01-20,420,147.1,148.27,149.45,149.65,1953,1137,1.72,43.36%,-0.916693,2021-11-26
XOM,61.25,Call,60,2021-12-03,7,1.99,2.02,2.05,1.95,522,305,1.71,39.93%,0.650716,2021-11-26
GM,60.17,Call,61,2021-12-03,7,1,1.04,1.08,1.12,629,370,1.7,42.32%,0.419074,2021-11-26
LCID,51.72,Put,45,2021-12-10,14,1.7,1.73,1.77,1.84,645,380,1.7,113.76%,-0.230775,2021-11-26
UAL,42.26,Call,50,2021-12-10,14,0.15,0.16,0.18,0.17,729,430,1.7,58.83%,0.080475,2021-11-26
GM,60.17,Put,58,2021-12-03,7,0.6,0.64,0.67,0.63,829,488,1.7,44.95%,-0.267149,2021-11-26
PTON,46.41,Call,54,2021-12-03,7,0.31,0.33,0.34,0.33,968,571,1.7,89.32%,0.122487,2021-11-26
PYPL,187.79,Call,185,2022-01-21,56,13.3,13.65,14,13.33,1036,611,1.7,40.77%,0.569435,2021-11-26
AMC,37.63,Call,75,2021-12-10,14,0.33,0.35,0.36,0.35,1677,985,1.7,203.02%,0.062317,2021-11-26
MS,97.93,Put,92.5,2024-01-19,784,15.5,16.95,18.4,18.75,600,355,1.69,32.93%,-0.372474,2021-11-26
CVX,114.51,Put,113,2021-12-03,7,1.41,1.46,1.52,1.53,759,448,1.69,33.38%,-0.384763,2021-11-26
PDD,68.46,Put,70,2021-12-03,7,4.15,4.33,4.5,4.8,844,498,1.69,91.63%,-0.544513,2021-11-26
IFF,144.57,Put,135,2021-12-17,21,0.9,1.45,2,2.3,1446,858,1.69,35.48%,-0.201975,2021-11-26
VLTA,9.94,Put,9,2021-12-17,21,0.45,0.5,0.55,0.55,534,318,1.68,104.85%,-0.301194,2021-11-26
NVDA,315.03,Call,580,2023-06-16,566,22.5,26.5,30.5,25.78,763,454,1.68,52.58%,0.273883,2021-11-26
PTON,46.41,Call,48,2021-12-03,7,1.4,1.43,1.46,1.46,887,527,1.68,82.97%,0.406856,2021-11-26
NVDA,315.03,Put,312.5,2021-12-03,7,8.3,8.4,8.5,8.1,944,562,1.68,55.47%,-0.442962,2021-11-26
LI,32.4,Call,35,2021-12-03,7,0.85,0.89,0.92,0.88,1025,611,1.68,102.41%,0.317988,2021-11-26
MRNA,329.63,Put,300,2021-12-17,21,11.1,11.8,12.5,11.55,1688,1006,1.68,78.02%,-0.275202,2021-11-26
ADBE,662.1,Call,685,2021-11-26,0,0.01,0.06,0.11,0.12,582,349,1.67,30.43%,0.016096,2021-11-26
CCL,17.95,Put,17.5,2021-12-17,21,0.98,1,1.02,1,2922,1751,1.67,71.56%,-0.407496,2021-11-26
AAPL,156.81,Put,160,2021-12-23,27,6,6.58,7.15,6.7,7506,4487,1.67,28.58%,-0.588642,2021-11-26
AAL,17.75,Call,19,2022-04-14,138,1.85,1.87,1.88,1.82,786,473,1.66,54.36%,0.485693,2021-11-26
CHWY,69.39,Call,70,2021-12-03,7,2.11,2.2,2.28,2.25,900,542,1.66,66.07%,0.480154,2021-11-26
BA,199.21,Put,320,2023-01-20,420,125.5,126.98,128.45,129.7,999,603,1.66,39.14%,-0.821607,2021-11-26
DIS,148.11,Put,95,2024-01-19,784,5.05,5.53,6,5.05,1282,773,1.66,32.69%,-0.116684,2021-11-26
PFE,54,Call,53.5,2021-12-03,7,1.43,1.48,1.53,1.54,5519,3332,1.66,41.40%,0.572523,2021-11-26
SQ,212.08,Put,212.5,2021-11-26,0,0.35,0.48,0.61,0.35,1096,665,1.65,8.23%,-0.677283,2021-11-26
BAC,45.76,Put,45.5,2021-12-17,21,1.35,1.38,1.4,1.29,563,344,1.64,33.94%,-0.46013,2021-11-26
AMZN,3504.56,Put,3565,2021-11-26,0,49.25,56.33,63.4,57.2,715,437,1.64,27.81%,-0.880218,2021-11-26
BA,199.21,Put,180,2021-12-03,7,0.75,0.78,0.8,0.8,1213,738,1.64,59.07%,-0.100125,2021-11-26
AMD,154.81,Call,170,2021-12-03,7,0.63,0.64,0.65,0.66,8375,5121,1.64,54.69%,0.115462,2021-11-26
CRON,4.67,Call,5,2021-12-10,14,0.22,0.23,0.24,0.2,501,307,1.63,98.64%,0.398684,2021-11-26
CHWY,69.39,Call,68,2021-11-26,0,1.07,1.35,1.63,1.2,757,463,1.63,51.63%,0.778729,2021-11-26
AMAT,143.29,Call,150,2021-12-31,35,3.7,4.35,5,4,1015,621,1.63,37.91%,0.368727,2021-11-26
MSFT,329.68,Put,310,2021-12-03,7,0.95,1.05,1.15,1.13,1708,1051,1.63,39.33%,-0.123979,2021-11-26
FB,333.12,Call,335,2021-12-03,7,6.25,6.43,6.6,6.7,1952,1200,1.63,39.69%,0.470251,2021-11-26
NVDA,315.03,Call,340,2021-12-10,14,4.7,4.85,5,4.97,556,343,1.62,55.03%,0.256589,2021-11-26
M,30.48,Call,31,2021-12-03,7,0.88,0.91,0.94,0.89,856,529,1.62,66.87%,0.444399,2021-11-26
LI,32.4,Put,30,2021-12-03,7,0.8,0.82,0.83,0.81,1277,788,1.62,101.97%,-0.269017,2021-11-26
WFC,48.43,Put,49,2021-11-26,0,0.46,0.54,0.62,0.57,891,553,1.61,22.66%,-0.839149,2021-11-26
AMD,154.81,Call,155,2021-12-10,14,6.3,6.38,6.45,6.45,2017,1255,1.61,54.08%,0.516617,2021-11-26
LAC,35.69,Call,45,2021-12-17,21,0.7,0.75,0.8,0.72,1017,634,1.6,94.40%,0.181328,2021-11-26
FB,333.12,Put,335,2021-12-03,7,7.95,8.08,8.2,7.58,1789,1121,1.6,38.47%,-0.531404,2021-11-26
TRQ,14.5,Put,13,2022-01-21,56,0.65,0.75,0.85,0.83,500,315,1.59,68.22%,-0.293565,2021-11-26
BA,199.21,Put,170,2022-02-18,84,6.3,6.43,6.55,6.5,1652,1038,1.59,49.32%,-0.214819,2021-11-26
AMD,154.81,Call,167.5,2021-12-03,7,0.89,0.91,0.92,0.93,1861,1173,1.59,54.00%,0.154793,2021-11-26
AMZN,3504.56,Call,3700,2021-12-03,7,11.3,11.78,12.25,11.55,5273,3307,1.59,35.02%,0.136886,2021-11-26
AAPL,156.81,Put,152.5,2021-12-03,7,1.07,1.16,1.25,0.99,7434,4683,1.59,32.77%,-0.262685,2021-11-26
FB,333.12,Put,337.5,2021-12-03,7,9.35,9.48,9.6,9.03,966,613,1.58,38.19%,-0.587212,2021-11-26
ZM,220.21,Call,300,2021-12-03,7,0.3,0.32,0.35,0.3,1054,667,1.58,109.63%,0.024973,2021-11-26
AMZN,3504.56,Call,3650,2021-12-03,7,15.75,17.88,20,17.9,2709,1713,1.58,33.87%,0.199538,2021-11-26
SABR,7.31,Call,10,2022-04-14,138,0.52,0.55,0.59,0.54,5864,3706,1.58,72.83%,0.317247,2021-11-26
AMC,37.63,Put,33,2021-12-03,7,0.39,0.42,0.44,0.42,2674,1705,1.57,97.74%,-0.14967,2021-11-26
ABNB,173.86,Put,165,2021-12-03,7,1.78,1.86,1.93,1.84,664,425,1.56,54.41%,-0.232042,2021-11-26
AHT,11.22,Call,12.5,2022-03-18,111,1.65,1.78,1.9,1.8,835,536,1.56,92.49%,0.517349,2021-11-26
NCLH,20.06,Put,20,2021-12-03,7,0.95,0.97,0.99,0.98,910,584,1.56,91.32%,-0.465327,2021-11-26
BA,199.21,Put,300,2023-01-20,420,103.9,107.15,110.4,111.01,1299,833,1.56,35.98%,-0.807732,2021-11-26
BAC,45.76,Put,43,2021-12-03,7,0.17,0.18,0.18,0.16,1545,990,1.56,40.91%,-0.131136,2021-11-26
TSLA,1081.92,Put,1100,2021-11-26,0,15.7,17.5,19.3,17.52,16669,10668,1.56,29.74%,-0.85648,2021-11-26
BTU,10.5,Put,12,2022-07-15,230,4.1,4.25,4.4,4.13,500,323,1.55,95.91%,-0.418471,2021-11-26
LI,32.4,Call,34,2021-12-03,7,1.11,1.13,1.15,1.15,747,482,1.55,100.43%,0.390897,2021-11-26
DB,12.24,Put,12,2021-12-17,21,0.33,0.35,0.37,0.37,1082,702,1.54,41.47%,-0.401586,2021-11-26
GOLD,19.38,Call,10,2023-01-20,420,9.3,9.4,9.5,9.4,3000,1948,1.54,40.20%,0.972211,2021-11-26
SDC,3.2,Call,4,2021-12-23,27,0.15,0.16,0.17,0.15,707,462,1.53,113.23%,0.284169,2021-11-26
MRNA,329.63,Call,310,2021-11-26,0,19,20.18,21.35,20.16,768,502,1.53,85.01%,0.92105,2021-11-26
NIO,39.99,Call,39,2021-12-03,7,2.11,2.17,2.22,2.16,1198,785,1.53,74.13%,0.616272,2021-11-26
DIS,148.11,Put,140,2021-12-03,7,0.42,0.45,0.49,0.43,617,406,1.52,35.17%,-0.118835,2021-11-26
GEVO,5.75,Put,5,2022-05-20,174,1.05,1.1,1.15,1.09,680,448,1.52,98.95%,-0.29235,2021-11-26
WISH,3.92,Put,3.5,2021-12-03,7,0.09,0.1,0.1,0.1,2415,1603,1.51,125.83%,-0.230363,2021-11-26
RKT,15.69,Put,16,2021-12-10,14,0.79,0.87,0.94,0.83,609,406,1.5,53.65%,-0.553098,2021-11-26
IGT,27.19,Call,27,2021-12-17,21,1.4,1.48,1.55,1.55,940,625,1.5,56.88%,0.543309,2021-11-26
GM,60.17,Call,62,2021-12-03,7,0.66,0.71,0.75,0.65,1015,676,1.5,42.63%,0.316398,2021-11-26
SPCE,16.73,Put,17,2021-11-26,0,0.22,0.28,0.34,0.27,1340,894,1.5,9.03%,-0.999937,2021-11-26
TSLA,1081.92,Put,840,2021-12-03,7,3.05,3.2,3.35,3.19,1390,929,1.5,112.06%,-0.043766,2021-11-26
AMZN,3504.56,Call,3900,2021-12-03,7,3,3.43,3.85,3.1,2333,1551,1.5,42.79%,0.038027,2021-11-26
M,30.48,Call,33,2021-12-03,7,0.34,0.36,0.38,0.36,585,393,1.49,70.42%,0.220876,2021-11-26
HOOD,27.92,Call,32,2021-12-17,21,0.89,0.94,0.98,0.94,1075,720,1.49,86.09%,0.288732,2021-11-26
CVAC,44.18,Put,35,2022-01-21,56,1.4,1.97,2.55,1.92,558,377,1.48,86.36%,-0.195347,2021-11-26
ACB,6.79,Put,7,2021-12-03,7,0.41,0.43,0.45,0.46,671,453,1.48,82.47%,-0.582984,2021-11-26
BP,25.96,Call,40,2024-01-19,784,0.78,0.92,1.05,0.92,778,524,1.48,31.10%,0.17498,2021-11-26
COST,546.13,Call,545,2021-11-26,0,0.24,2.22,4.2,1.91,1000,675,1.48,11.23%,0.63917,2021-11-26
LCID,51.72,Call,53,2021-12-03,7,2.59,2.65,2.7,2.63,2024,1367,1.48,111.76%,0.467917,2021-11-26
AAPL,156.81,Put,157.5,2021-12-17,21,3.7,4.65,5.6,4.69,3635,2450,1.48,28.70%,-0.513082,2021-11-26
TLRY,10.57,Call,10,2021-12-03,7,0.71,0.74,0.76,0.74,551,374,1.47,68.77%,0.735641,2021-11-26
BABA,133.35,Put,120,2021-12-03,7,0.59,0.61,0.63,0.6,639,436,1.47,62.78%,-0.104384,2021-11-26
C,65.5,Call,67,2021-12-03,7,0.51,0.54,0.57,0.52,781,531,1.47,30.72%,0.300567,2021-11-26
SAVA,55.96,Put,30,2021-12-03,7,0.35,0.5,0.65,0.6,983,667,1.47,314.46%,-0.049527,2021-11-26
BAC,45.76,Call,48,2021-12-03,7,0.16,0.17,0.17,0.17,3672,2491,1.47,33.58%,0.155982,2021-11-26
KPTI,7.27,Call,7.5,2021-12-17,21,0.5,0.73,0.95,0.69,569,389,1.46,113.51%,0.508731,2021-11-26
AMC,37.63,Put,30,2021-12-10,14,0.5,0.52,0.54,0.54,806,553,1.46,109.76%,-0.122633,2021-11-26
CGC,11.69,Call,11.5,2021-11-26,0,0.15,0.22,0.29,0.24,1094,747,1.46,50.84%,0.736842,2021-11-26
AAPL,156.81,Call,162.5,2021-12-17,21,2.32,2.42,2.51,2.37,8185,5623,1.46,30.70%,0.326106,2021-11-26
OXY,29.7,Call,31,2021-12-03,7,0.51,0.54,0.57,0.55,589,407,1.45,64.30%,0.331152,2021-11-26
AMZN,3504.56,Put,3450,2021-12-03,7,35.8,38.72,41.65,35.83,653,450,1.45,30.80%,-0.348443,2021-11-26
JPM,161.93,Put,150,2021-12-03,7,0.25,0.27,0.28,0.31,711,489,1.45,37.78%,-0.069342,2021-11-26
BAC,45.76,Call,45.5,2021-12-17,21,1.43,1.45,1.47,1.45,781,540,1.45,30.62%,0.541083,2021-11-26
MU,83.42,Put,82,2021-12-03,7,1.58,1.61,1.64,1.61,1923,1326,1.45,49.18%,-0.387742,2021-11-26
AAPL,156.81,Call,157.5,2021-12-31,35,5.5,5.83,6.15,6,611,424,1.44,32.81%,0.501571,2021-11-26
GE,97.84,Put,85,2021-12-17,21,0.4,0.43,0.46,0.43,1189,825,1.44,44.58%,-0.085628,2021-11-26
VZ,51.8,Call,53.5,2021-12-17,21,0.27,0.29,0.3,0.28,543,381,1.43,18.27%,0.220225,2021-11-26
AR,18.39,Put,15,2021-12-17,21,0.25,0.3,0.35,0.4,732,512,1.43,86.92%,-0.139647,2021-11-26
XOM,61.25,Call,62,2021-12-03,7,0.87,0.89,0.9,0.83,902,629,1.43,36.64%,0.408261,2021-11-26
NOK,5.55,Call,5.5,2021-12-10,14,0.17,0.18,0.19,0.19,923,647,1.43,37.93%,0.563322,2021-11-26
NVDA,315.03,Put,315,2021-12-03,7,9,9.38,9.75,9.3,1886,1318,1.43,53.54%,-0.484672,2021-11-26
CLF,21.84,Call,22.5,2021-12-03,7,0.44,0.45,0.47,0.45,2288,1603,1.43,59.88%,0.375447,2021-11-26
FB,333.12,Call,345,2021-12-03,7,2.7,2.78,2.85,2.78,3311,2317,1.43,38.53%,0.264399,2021-11-26
MARA,49.2,Call,49,2021-11-26,0,0.17,0.37,0.57,0.29,1021,718,1.42,16.87%,0.680581,2021-11-26
NVDA,315.03,Call,322.5,2021-12-03,7,6.1,6.55,7,7.05,1459,1030,1.42,55.87%,0.395821,2021-11-26
AMD,154.81,Call,172.5,2021-12-03,7,0.45,0.46,0.48,0.48,1706,1198,1.42,56.30%,0.088724,2021-11-26
DIDI,7.88,Put,7,2021-12-03,7,0.13,0.14,0.15,0.15,1598,1136,1.41,112.87%,-0.201601,2021-11-26
JMIA,13.64,Call,13.5,2021-11-26,0,0.13,0.14,0.15,0.12,1826,1291,1.41,18.84%,0.855246,2021-11-26
TLRY,10.57,Call,10.5,2021-12-03,7,0.44,0.45,0.46,0.45,1980,1403,1.41,71.16%,0.546516,2021-11-26
HPQ,34.58,Put,34,2021-12-03,7,0.48,0.52,0.55,0.52,2991,2123,1.41,40.67%,-0.373801,2021-11-26
TSLA,1081.92,Call,1150,2021-12-03,7,15.55,16.1,16.65,16.31,3891,2768,1.41,67.89%,0.273569,2021-11-26
CVE,12.39,Call,25,2023-01-20,420,0.4,1,1.6,0.41,546,390,1.4,50.12%,0.148216,2021-11-26
AMZN,3504.56,Put,3555,2021-11-26,0,42.4,48.22,54.05,38.5,671,478,1.4,26.14%,-0.852023,2021-11-26
MSFT,329.68,Put,330,2021-12-03,7,5,5.23,5.45,5.05,1338,957,1.4,26.72%,-0.504352,2021-11-26
SOFI,18.21,Call,20,2021-12-03,7,0.14,0.15,0.16,0.16,1505,1074,1.4,69.40%,0.176847,2021-11-26
C,65.5,Call,67.5,2021-12-03,7,0.38,0.4,0.42,0.4,1643,1184,1.39,31.03%,0.24496,2021-11-26
AMC,37.63,Put,35,2021-12-03,7,0.85,0.87,0.89,0.89,3960,2847,1.39,96.13%,-0.270595,2021-11-26
PBT,9.19,Call,7.5,2022-03-18,111,2.15,2.45,2.75,2.2,507,367,1.38,67.11%,0.760812,2021-11-26
DIS,148.11,Put,135,2022-02-18,84,3.55,3.63,3.7,3.62,511,370,1.38,31.99%,-0.247452,2021-11-26
BB,9.97,Call,9,2021-11-26,0,0.88,0.94,1,0.92,1011,734,1.38,146.69%,0.91637,2021-11-26
DAL,36.38,Put,36,2021-12-03,7,0.97,0.98,0.99,1,1121,813,1.38,58.05%,-0.432117,2021-11-26
ET,8.84,Call,9,2021-12-03,7,0.12,0.13,0.13,0.11,2218,1602,1.38,40.30%,0.377092,2021-11-26
BA,199.21,Call,195,2022-01-21,56,16.05,16.35,16.65,16,810,591,1.37,45.92%,0.583126,2021-11-26
MRK,79.16,Put,79,2021-11-26,0,0.01,0.06,0.1,0.11,1227,896,1.37,7.07%,-0.298017,2021-11-26
AMZN,3504.56,Put,3495,2021-11-26,0,0.1,0.61,1.11,0.25,1795,1315,1.37,3.76%,-0.080562,2021-11-26
COIN,303.19,Put,305,2021-11-26,0,1.75,2.28,2.8,2.44,615,452,1.36,21.36%,-0.702196,2021-11-26
ASAN,106.02,Call,125,2021-12-17,21,4,4.25,4.5,4.07,759,557,1.36,100.57%,0.287068,2021-11-26
AMD,154.81,Call,170,2021-12-10,14,1.76,1.79,1.81,1.83,1061,778,1.36,54.17%,0.203553,2021-11-26
VZ,51.8,Call,53,2021-12-03,7,0.12,0.13,0.13,0.13,1419,1044,1.36,18.59%,0.181679,2021-11-26
LCID,51.72,Put,47,2021-12-03,7,1.24,1.26,1.27,1.24,1533,1128,1.36,111.45%,-0.242784,2021-11-26
LCID,51.72,Put,50,2021-12-10,14,3.6,3.7,3.8,3.8,537,397,1.35,116.27%,-0.396461,2021-11-26
FCX,37.24,Put,35,2021-12-03,7,0.35,0.38,0.4,0.39,594,441,1.35,59.56%,-0.214191,2021-11-26
KEY,22.9,Call,15,2022-01-21,56,7.8,7.95,8.1,7.98,942,696,1.35,70.12%,0.955855,2021-11-26
DAL,36.38,Put,34,2022-03-18,111,2.53,2.62,2.7,3.05,1124,835,1.35,47.77%,-0.348571,2021-11-26
M,30.48,Put,29,2021-12-03,7,0.52,0.54,0.56,0.59,1541,1144,1.35,68.55%,-0.284824,2021-11-26
WFC,48.43,Call,49,2021-12-03,7,0.74,0.76,0.78,0.79,2283,1688,1.35,38.09%,0.420637,2021-11-26
CCL,17.95,Call,22,2021-12-23,27,0.25,0.27,0.28,0.28,2107,1571,1.34,70.37%,0.166746,2021-11-26
PFE,54,Call,59,2021-12-03,7,0.23,0.25,0.26,0.25,2328,1735,1.34,54.58%,0.126947,2021-11-26
AAPL,156.81,Call,160,2021-12-03,7,1.32,1.39,1.45,1.53,106041,79355,1.34,30.72%,0.324906,2021-11-26
ZM,220.21,Call,245,2021-12-03,7,1.8,1.88,1.95,1.95,543,407,1.33,75.56%,0.166747,2021-11-26
SOFI,18.21,Call,18.5,2021-12-31,35,1.5,1.57,1.63,1.54,598,451,1.33,74.26%,0.518674,2021-11-26
AAL,17.75,Put,15,2021-12-10,14,0.17,0.18,0.18,0.18,616,462,1.33,79.43%,-0.12298,2021-11-26
LCID,51.72,Call,59,2021-12-03,7,1.1,1.13,1.16,1.13,907,681,1.33,120.62%,0.240451,2021-11-26
NVDA,315.03,Put,320,2021-12-03,7,11.6,12.08,12.55,12.06,1667,1249,1.33,53.41%,-0.569301,2021-11-26
CCJ,24.08,Call,26,2022-01-21,56,1.79,1.86,1.92,1.92,2473,1854,1.33,71.24%,0.445794,2021-11-26
AAPL,156.81,Call,170,2021-12-03,7,0.13,0.15,0.16,0.17,16699,12621,1.32,34.48%,0.047524,2021-11-26
PFE,54,Put,46,2022-02-18,84,0.64,0.72,0.8,0.68,669,509,1.31,32.82%,-0.144673,2021-11-26
GEVO,5.75,Put,5,2022-02-18,84,0.65,0.68,0.7,0.68,718,549,1.31,99.45%,-0.29733,2021-11-26
BLMN,19.07,Put,17.5,2021-12-17,21,0.5,0.53,0.55,0.55,843,645,1.31,67.08%,-0.269362,2021-11-26
PINS,42.8,Call,42.5,2021-11-26,0,0.22,0.29,0.35,0.24,1280,980,1.31,17.67%,0.77969,2021-11-26
WFC,48.43,Call,51,2021-12-03,7,0.2,0.21,0.22,0.21,1759,1347,1.31,37.22%,0.162878,2021-11-26
GE,97.84,Call,100,2022-01-21,56,3.95,4.05,4.15,4.1,2287,1749,1.31,33.14%,0.457992,2021-11-26
BAC,45.76,Call,46,2021-12-10,14,0.95,0.97,0.98,0.99,830,637,1.3,30.50%,0.473241,2021-11-26
VLO,68.01,Call,85,2022-03-18,111,1.3,1.45,1.59,1.42,1849,1420,1.3,42.37%,0.18226,2021-11-26
UAL,42.26,Call,46,2021-12-03,7,0.27,0.3,0.32,0.26,658,511,1.29,60.11%,0.164282,2021-11-26
F,19.75,Call,40,2023-01-20,420,0.53,0.56,0.59,0.55,811,630,1.29,49.01%,0.130039,2021-11-26
ACGL,41.89,Put,35,2022-03-18,111,0.35,0.7,1.05,0.5,892,690,1.29,31.16%,-0.128672,2021-11-26
AMC,37.63,Put,37,2021-12-03,7,1.64,1.67,1.69,1.66,2158,1670,1.29,95.11%,-0.423025,2021-11-26
CCL,17.95,Call,20,2021-12-03,7,0.16,0.17,0.18,0.17,2322,1802,1.29,77.99%,0.171771,2021-11-26
ABNB,173.86,Put,160,2021-12-03,7,0.96,1,1.04,1,515,403,1.28,57.17%,-0.138045,2021-11-26
FB,333.12,Put,345,2021-12-03,7,13.9,14.25,14.6,14.71,889,697,1.28,35.80%,-0.752346,2021-11-26
AMC,37.63,Call,40,2021-12-10,14,2.21,2.32,2.42,2.36,1058,828,1.28,112.86%,0.434185,2021-11-26
FB,333.12,Put,315,2021-12-03,7,1.73,1.79,1.85,1.7,1126,882,1.28,42.91%,-0.165696,2021-11-26
AMC,37.63,Put,32,2021-12-03,7,0.27,0.29,0.31,0.3,1284,1002,1.28,101.44%,-0.110457,2021-11-26
AMD,154.81,Call,162.5,2021-12-03,7,1.77,1.8,1.82,1.84,1994,1563,1.28,53.25%,0.267495,2021-11-26
AAPL,156.81,Call,165,2021-12-03,7,0.4,0.44,0.47,0.45,31183,24393,1.28,32.17%,0.13086,2021-11-26
NVAX,217.97,Call,220,2021-12-03,7,15.4,15.63,15.85,15.5,501,396,1.27,136.54%,0.51818,2021-11-26
SABR,7.31,Call,7,2021-12-17,21,0.68,0.73,0.78,0.73,552,435,1.27,82.12%,0.625039,2021-11-26
AFRM,136.98,Call,160,2021-12-03,7,0.5,0.53,0.55,0.55,731,576,1.27,78.39%,0.084316,2021-11-26
AMC,37.63,Call,36,2021-11-26,0,1.41,1.54,1.66,1.5,772,606,1.27,56.02%,0.937711,2021-11-26
TSLA,1081.92,Put,1105,2021-12-03,7,54.85,55.6,56.35,55.7,823,650,1.27,71.53%,-0.564926,2021-11-26
MET,60.1,Put,57.5,2022-06-17,202,4.35,4.5,4.65,4.3,909,713,1.27,30.58%,-0.399571,2021-11-26
CDEV,6.19,Call,7,2021-12-17,21,0.2,0.23,0.25,0.23,1027,809,1.27,86.02%,0.311115,2021-11-26
EXPE,159.8,Call,185,2021-12-17,21,0.9,0.97,1.04,0.94,2967,2345,1.27,47.77%,0.111186,2021-11-26
PFE,54,Call,54,2021-12-23,27,1.93,2.05,2.17,1.93,3335,2629,1.27,33.85%,0.510201,2021-11-26
AMD,154.81,Put,157.5,2021-12-03,7,6,6.05,6.1,6,3401,2677,1.27,52.52%,-0.579399,2021-11-26
AMD,154.81,Call,165,2021-12-03,7,1.26,1.29,1.31,1.3,6669,5258,1.27,53.86%,0.206893,2021-11-26
ALK,49.45,Put,47.5,2021-12-17,21,1.55,1.65,1.75,1.6,528,418,1.26,52.94%,-0.351713,2021-11-26
BABA,133.35,Put,134,2021-11-26,0,0.53,0.71,0.89,0.42,615,490,1.26,9.71%,-0.831704,2021-11-26
OXY,29.7,Put,27,2021-12-03,7,0.22,0.24,0.26,0.27,721,570,1.26,70.42%,-0.152398,2021-11-26
JMIA,13.64,Put,13,2021-12-17,21,0.91,0.94,0.97,0.97,745,591,1.26,99.47%,-0.37414,2021-11-26
TSLA,1081.92,Call,1225,2021-12-03,7,3.85,4.03,4.2,4.08,1233,981,1.26,65.44%,0.092559,2021-11-26
OXY,29.7,Call,30,2022-02-18,84,3.2,3.25,3.3,3.22,1728,1372,1.26,59.16%,0.542331,2021-11-26
ASTR,11.27,Call,17.5,2022-01-21,56,0.6,0.63,0.65,0.65,1788,1415,1.26,122.88%,0.250369,2021-11-26
JPM,161.93,Call,165,2022-02-18,84,6.75,6.88,7,6.8,558,448,1.25,27.46%,0.455286,2021-11-26
FB,333.12,Put,327.5,2021-12-03,7,4.7,4.83,4.95,4.55,754,602,1.25,39.98%,-0.368712,2021-11-26
CZR,91.2,Call,95,2021-12-03,7,1.27,1.45,1.62,1.55,1853,1478,1.25,59.99%,0.326461,2021-11-26
PTON,46.41,Call,45,2021-11-26,0,1.29,1.43,1.56,1.42,2831,2268,1.25,32.28%,0.967701,2021-11-26
TSLA,1081.92,Put,800,2021-12-03,7,2.3,2.33,2.35,2.3,6081,4877,1.25,121.86%,-0.030514,2021-11-26
AAL,17.75,Put,17,2022-06-17,202,2.25,2.29,2.33,2.27,6143,4902,1.25,51.37%,-0.380091,2021-11-26
AAPL,156.81,Put,150,2021-12-03,7,0.57,0.64,0.7,0.67,17447,13994,1.25,33.96%,-0.167059,2021-11-26
GM,60.17,Put,60,2022-02-18,84,4.5,4.58,4.65,4.64,666,536,1.24,41.23%,-0.454407,2021-11-26
BAC,45.76,Put,50,2023-01-20,420,8.4,8.53,8.65,8.65,2143,1730,1.24,28.78%,-0.563476,2021-11-26
NVDA,315.03,Call,330,2021-12-03,7,4,4.1,4.2,4.05,4106,3313,1.24,54.82%,0.283107,2021-11-26
NCLH,20.06,Call,20,2023-01-20,420,5.1,5.32,5.55,5.35,10861,8779,1.24,63.01%,0.635495,2021-11-26
"Downloaded from Barchart.com as of 11-27-2021 10:12pm CST"
